GABRA1,GABRA2,GABRA3,GABRA4,GABRA5,GABRB1,GABRB2,GABRB3,GABRG1,GABRG2,GABRG3,GABRD,GABRE,GAD1,GAD2,PVALB,SST,VIP,CCK,NPY,CALB1,CALB2,NOS1,RELN,ADRB2,LHX6,TAC1,TAC3,TAC4,SLC6A1,SLC6A13,SLC6A12,SLC32A1,GABBR1,GABBR2
0.3867703665488986,0.5264418564820722,0.5654337079638259,0.32708474709506935,0.6065213094694468,0.5794985002613248,0.5293321621951023,0.6021445494659511,0.5272963836403671,0.41152207698007554,0.3895472480088687,0.40428709616960506,0.31458771564400384,0.3271788081086014,0.38984959730541996,0.4620443468805229,0.3826182793323742,0.45404759234907227,0.31635875641475153,0.3764151750666978,0.553728200452241,0.5796162445634452,0.5914772611972511,0.5340764246662347,0.5190156011813036,0.29369769580734,0.5375012398047567,0.339904449450153,0.4967504436602761,0.305311611879908,0.3551318047491916,0.3887123347541774,0.2740648099130576,0.5026168145840365,0.4263186362678039
0.5957483555573324,0.4006827809414772,0.31625602797568536,0.5342271510640599,0.2780841962285366,0.3119706592296611,0.7338445209354197,0.43071829495350156,0.3498733709021758,0.5740340344584771,0.5698055512813399,0.6247970860334232,0.3138752211211419,0.5576366811705841,0.48343070893559376,0.7285055856158914,0.31348196262506883,0.5481816697903249,0.5158968304349577,0.36892723891977447,0.49085577029497945,0.43090918980940013,0.4204878231083205,0.5049457986130718,0.2990065214562119,0.41787324439181067,0.3214420760610794,0.49273800781571664,0.4314800058628127,0.48985800642749405,0.3973018129887734,0.4484311450303648,0.45861994597990763,0.3450561439772697,0.583677200548391
0.6478894259024064,0.3852398828946,0.218715213001232,0.5490190364953673,0.2486251679573065,0.24291854996340823,0.7210884382779748,0.3616901105109802,0.337502963496153,0.6003879914541193,0.5534772874471604,0.7077349132889842,0.3395906260386026,0.45172862186175583,0.5219481948378238,0.7769782999738055,0.26484543030909974,0.4806541240274593,0.4462856501372153,0.3272526754368008,0.47905854893189465,0.49229875214617796,0.4893764238363965,0.539702095420355,0.254230195660493,0.38698201818027544,0.24994662117090546,0.43959958467122145,0.5055781411513306,0.5151624985961701,0.4297554898961207,0.41797704141329706,0.4070338632196993,0.46688639641621554,0.530257952071989
0.7373868982174155,0.36071186138362266,0.21437694279236394,0.6313702064240234,0.23178585257154358,0.19556950507812498,0.764006652268962,0.4398845990017467,0.3685010352278206,0.7391186401411024,0.6285184188499331,0.7224927880472187,0.3419922127447713,0.6732640694378902,0.6046612985947928,0.8234940224751428,0.2859061321160996,0.48671177984379604,0.5180236485018282,0.34875990107740523,0.409935107783999,0.230139225913022,0.39968541041393724,0.31681435598883523,0.24730759988193224,0.603363672046966,0.3712302675947813,0.47365654770012633,0.33774816353679105,0.5254769122002949,0.4015271834551526,0.5190655106377078,0.5364537250288539,0.4217670788408464,0.568286304113362
0.7387361030251363,0.39947094497141256,0.14848919611248276,0.6242920726676598,0.16447495738860635,0.12382704330157043,0.7451564317055884,0.31924678389354366,0.27406777126139364,0.7198290101055571,0.7032035322527816,0.7116966984951824,0.28829390164492213,0.6109773025413895,0.6041438177904145,0.8390535262732657,0.2573019424776564,0.512938928588779,0.44826363988257095,0.27846226886033526,0.349741188501588,0.23733750162852055,0.432166900999108,0.32252697745776704,0.2436932205125982,0.5188757493956719,0.28114868343402255,0.4539821972553243,0.387795867519372,0.5591249768554578,0.4495399224724556,0.502213287828529,0.4950514229138737,0.2836768954892948,0.5449506859983162
0.6880349306634659,0.4193972805501593,0.2863804975577488,0.6167868434321425,0.31844460093496435,0.2507347599542648,0.7273183948952209,0.39754232892325553,0.290709433323961,0.6375750180653733,0.7127884634450221,0.6435287344149659,0.3097014719637518,0.5569744815168235,0.593978586703799,0.7579799476393904,0.37858221045864804,0.5488711754257896,0.48995736013913477,0.4290113019624973,0.34158615367681944,0.30088387119165166,0.4738935547622219,0.3893952622958576,0.2650694207109109,0.5147842038969032,0.3642765245448913,0.44603563302426413,0.4397952361418344,0.49838176295031067,0.5022985981969498,0.46363391454620473,0.46882367495793703,0.3542874191806043,0.5995832790362261
0.6411734083922681,0.4568288431567396,0.4171155367030178,0.6412451767262353,0.4003502895714683,0.3693334565583194,0.6457076988129782,0.4345658714682828,0.397406831865781,0.6974739330936337,0.5800415241646517,0.6109753021386988,0.5828252122527822,0.5459660903798609,0.4923418119031278,0.7573328766724925,0.3869564868854578,0.5465524950680872,0.7166887906833512,0.4896941116429634,0.3421903752209879,0.32238630702704774,0.46071362935567584,0.3587498397254112,0.40571518647474764,0.5514765034893694,0.4354955960388386,0.5199735483597816,0.5013695633969248,0.5306210093870096,0.5243608133378215,0.5191419313336721,0.5061120534498047,0.4115681857657889,0.5820314759540286
0.6825911636166224,0.404282835958263,0.325563546939876,0.6394941935920299,0.30364772399931267,0.3427076911383212,0.6527361901966995,0.4818193714060226,0.4150923131967647,0.7038641159596617,0.6190463825164964,0.7116840534413608,0.4862445071754299,0.667383090296483,0.5568269098361318,0.7924498380252134,0.4038759176839327,0.6022369249449525,0.656124626323965,0.37051570955723245,0.41479709228647826,0.355649819789395,0.4408447849572662,0.36804205535256435,0.36373611923917876,0.5587484447896044,0.39903214568556883,0.539015592171066,0.4580928500959406,0.5663409910589956,0.47895939023758,0.47245468366205456,0.5716337882532969,0.42475450859121483,0.6570548401012958
0.6262012970731793,0.4045850542103942,0.32078483601801117,0.5809501100154052,0.26562136421083676,0.2673326780578595,0.7710848623999597,0.4368805774341624,0.3585381494349253,0.6346771293368703,0.5980811432971637,0.6580770795855847,0.3576391424006053,0.681316121199504,0.5522555855578046,0.7790222677605332,0.3507772937653581,0.6338646800106377,0.5712300724262881,0.39691545359881464,0.41134169853210806,0.37792590522074265,0.45990725393596743,0.45137209452317695,0.2985788686609205,0.5284732864013916,0.43518230497680116,0.49307083029909826,0.4175480688908359,0.5053817457481161,0.48304851196289045,0.5197834253276941,0.48535084916544075,0.35971405111792026,0.652727362379084
0.5921560060782253,0.5285653454146934,0.44280827428821024,0.5552064624129913,0.5199886227947166,0.42183031155592793,0.6125723153824648,0.5558054246815946,0.4043202660731929,0.6333414768373639,0.5408535532533133,0.5963107675956071,0.587736446272133,0.5771894977568388,0.5157147331605154,0.6969066721169496,0.5134607475779687,0.636658705216567,0.6804563912147797,0.5974430399515532,0.45126217112239586,0.47210874562415195,0.45917245966026576,0.5142486421139975,0.4199045614331163,0.5478726562924517,0.4448195866333657,0.6034030972600717,0.3801141618097052,0.5493583370891572,0.46538760928736767,0.4496002425060169,0.5277049937009499,0.48446393812322236,0.56108948481061
0.47992481028810025,0.583616703723525,0.414799277077006,0.5783768867700863,0.5580550727068792,0.43040345493204996,0.4947674995798546,0.5774539300383418,0.4829351898123453,0.5156067552759397,0.558053410372156,0.5070609678527986,0.583997900342022,0.49500507834005,0.5972201529757922,0.5734972841166014,0.5003336978597598,0.4615504138634375,0.5532899295802342,0.6790472556591727,0.46907881074437435,0.3502880099985177,0.5818989664375078,0.4572246570569461,0.40493428621493543,0.5277559846881926,0.49842152034570897,0.49694145175525045,0.5196412538568358,0.5240646126599869,0.507270749078031,0.46690829040101495,0.5629930101677617,0.5102251658781484,0.4170628783667513
0.6465459167766987,0.4988161929548449,0.5357971426229607,0.5888236894010637,0.5542275952372178,0.48108038984523355,0.652169227174611,0.5617793364287907,0.3468257401717823,0.7029579769087929,0.5985736541469424,0.6124699238478531,0.5051012727401275,0.610475362405286,0.5177578820042262,0.737337992519279,0.5666750120736944,0.6130364073728195,0.667237387925765,0.6572063585921143,0.4392622873597772,0.4032208812518406,0.47936507515794013,0.4626929029615945,0.43850690461607766,0.5998125588512381,0.5530162566861464,0.5136317659359283,0.3848072551150925,0.47746185171940764,0.4861311440403903,0.4575062025266212,0.5234647765503181,0.5217626194036868,0.5933392909774793
0.6168722990242127,0.4047027498818045,0.4069618896780027,0.5575276253895197,0.4058484723045049,0.32419591043928575,0.6220396441809132,0.4138386940331646,0.36307449154397714,0.6267801628127656,0.5323147068381423,0.6051938642026321,0.35911030655136256,0.5597072838497432,0.5214060972165825,0.7840874036699494,0.48004349556352327,0.5132130410847883,0.6045784907075952,0.7331797364432978,0.315696626222787,0.28517683097868946,0.5045787268201257,0.3511564632735648,0.5400643254050993,0.6148276894192287,0.541639025598488,0.42386351446215703,0.41039299753846686,0.5613460118231783,0.5719826686840694,0.6203306903680595,0.49925772847470334,0.5027056726632599,0.5077163573060305
0.7286889281937717,0.3679157270143129,0.2807490841835755,0.6481295929647174,0.29487909513927973,0.2184876535178093,0.600649183598971,0.30871383022700954,0.31206566056069585,0.7238658171872636,0.5282850722726563,0.730609399216463,0.36123537085339147,0.5742006268451633,0.4899540678055849,0.8415581151871002,0.3873537829958494,0.46919904109786054,0.6159023084621474,0.5653921655085432,0.24681248813745207,0.25588025131740005,0.36140629239865235,0.3509620225716128,0.36873092080183917,0.6173507841290022,0.4484568382205592,0.4213210524441197,0.3904827084032698,0.7052761078174176,0.5287456302773426,0.645570957684698,0.5961139094455404,0.5087278435244122,0.5108394939339665
0.6476150019417493,0.3978003879130915,0.5095113855579082,0.6007253214147913,0.4213116665135561,0.37139379477328394,0.5412988700506789,0.39979244279091924,0.307555394746497,0.6673254863680748,0.4900721615271608,0.6540976877319823,0.2971132418375426,0.4986007113834799,0.46852724876240703,0.7669331565686984,0.45568229713018166,0.5054899631056511,0.6296470850289723,0.6024705412550848,0.26776166027482473,0.34337644392844374,0.3811162802105746,0.3830348596788136,0.4099323920732527,0.6076725694969636,0.5294204025514285,0.45876223603888056,0.4305016709641086,0.62037367898359,0.5300611989397637,0.6137817924674035,0.5650565599503946,0.5238113512440031,0.5104761283728908
0.5488907907304431,0.46011155930202513,0.46880105998618543,0.5682430332480909,0.4740343775938705,0.491649243765496,0.6000161536336108,0.5148238564960075,0.49603390050398266,0.6057600691783853,0.5290965104035071,0.5929146421680934,0.5439789668558375,0.4924555311276697,0.4611007191220407,0.6457674754468327,0.41051454249815117,0.5864985676109037,0.6380165264984584,0.4981176614875269,0.5359717128868491,0.541415697727064,0.42325629017209926,0.5542106480486159,0.4005482243168587,0.5104324004010374,0.40345742168675996,0.5945381370175421,0.43734287135159927,0.5278714890998258,0.4249763848206558,0.4922721309196732,0.43530125959574617,0.5422512071056088,0.5781566863201303
0.6521350198921569,0.426382444149964,0.39111042619438574,0.5846461881407858,0.4015728837649356,0.43017919651599396,0.6404937776890849,0.45869667665481434,0.5186958943434743,0.6560360996563953,0.4562397438956512,0.687745969256704,0.5298938409159369,0.5647205714800339,0.5139257914996477,0.709739730413238,0.402613668296526,0.5828734509338063,0.6497949680440113,0.6356153553097567,0.453321571180624,0.43297313600007065,0.4292004637209207,0.33771187698553884,0.5425020791565018,0.6399550585208776,0.5156598670212963,0.5252544629944917,0.46160359873055834,0.5704261080004625,0.561194558490834,0.6636967415009503,0.5116963222417966,0.541299780090726,0.5136759536800666
0.6373992239406624,0.4749947271219288,0.3503269687596744,0.6612789149355106,0.31845589208954134,0.38753034278329695,0.6866906879389186,0.463538163304865,0.4603603386213991,0.69834403501349,0.4876609853010447,0.6875574004563153,0.433831614112524,0.6249352273531631,0.5584415626829814,0.7675983520466901,0.37363919191102285,0.6438617905805161,0.657735770724101,0.44513352394438965,0.44862531481686374,0.42590604274314403,0.421536464230382,0.4623864744114992,0.4008329377425308,0.6168118531276262,0.46604723318369734,0.5133388513421463,0.36488018481061957,0.5592778823349206,0.5378217281742431,0.6082396445635954,0.5500481106988285,0.45932446409492433,0.5732323846004403
0.6526850435882997,0.430575293698392,0.3175140956545672,0.6807778482491553,0.31925465630918326,0.3482874664228581,0.6229247787218725,0.3392569434467243,0.4596565819276345,0.6309620388502754,0.3887605879142877,0.7149707483804134,0.40209766501400024,0.4234509548228038,0.5030708349157795,0.7489941782922271,0.4446560054792078,0.5382200988073437,0.6398576478137212,0.45379466233725607,0.41685950847389963,0.3810840340606474,0.3315215284401084,0.4484489148422253,0.28769193208018456,0.6241711585900946,0.44781117836877266,0.5759576040317105,0.4663770148155007,0.7407487376683404,0.4691205931333114,0.6619365681027031,0.6740983025216783,0.6795045251085077,0.5675668568819764
0.5810757549574382,0.46361196688152034,0.4295543702637745,0.5437195886665148,0.375032965804415,0.47837992246079103,0.6771812583591421,0.45360573216713934,0.44443032452144005,0.5961944777583265,0.5739379543424948,0.619281253018611,0.4164193317822544,0.5905830815915744,0.538135147148837,0.6978883564874913,0.4850118345270957,0.6544031747496315,0.6450549843640624,0.5993398910102333,0.4442738804803539,0.4334137079831086,0.45516623879217305,0.4483975455112859,0.3833413102831533,0.6256743644136041,0.5042960746977078,0.52658099297606,0.33119057860681755,0.5261646860559631,0.4964989897070389,0.5696953270216092,0.5160229786407058,0.4889250484611836,0.6062756822236965
0.6415726222692332,0.4927637015773103,0.4111932208512932,0.6361053787962195,0.3628178598182457,0.4514285837625233,0.5704413372914292,0.4474848150522131,0.4603666354253459,0.6764282816634241,0.4909226287088205,0.6772759601581058,0.4136590997149039,0.5437273888448052,0.48956423409974903,0.7341070677158305,0.3850806079565201,0.5806588029353834,0.657875865321497,0.47865040035672557,0.39741036010174385,0.4628731790185263,0.43534193528451887,0.4500489140109252,0.47876187350278404,0.5582341606191912,0.3982816008955623,0.539921050729447,0.3417790624294728,0.5546681635371549,0.5511768574171073,0.5917138105098115,0.5159533217237481,0.5265984148802606,0.5643868216062791
0.7167289800788834,0.3597863125602486,0.47305982960676013,0.6000631703720816,0.4645936362882992,0.4468371707495361,0.555418643744234,0.4830304213751019,0.37537011504480516,0.6662594568966774,0.5667257598985364,0.6689465464565051,0.3851537817249838,0.41276749036725374,0.4154023413833746,0.7613212619472356,0.5464312228968252,0.5306051684834665,0.735749171591807,0.6645274361533332,0.3869493463412142,0.28220215607281907,0.33805350627007363,0.49761134753993597,0.5181354030852149,0.6109316685384828,0.556057197403159,0.48443926557557804,0.47617537097591073,0.5411773236480197,0.6147981795705875,0.5999174840548676,0.5248272562073499,0.5329012326237617,0.5876233346164418
0.6628272922403246,0.4074891521624284,0.5845468889774409,0.5647384792367245,0.47667674375626085,0.4758004665927384,0.567587667748672,0.45025059665228984,0.3335356784284911,0.6306024768094189,0.4675521199869495,0.6383778272935817,0.34857273168036945,0.4603274359938752,0.46494311387935655,0.7346401957807642,0.44758503548401024,0.48540185921391926,0.6790512355793488,0.6318730765223299,0.3469173043946067,0.27325390703978164,0.399488353241467,0.42448925651131364,0.4368772865883674,0.607662869505278,0.5928003926734821,0.3990358458726902,0.5005346739107807,0.5063649352524632,0.5318960199952527,0.6241574873557298,0.5095216889766254,0.5295676613192116,0.5769432696003487
0.6238565744796633,0.45120452039626074,0.4755238594813738,0.657686718613877,0.532141069070438,0.49872062957798785,0.5724162207979245,0.5123086417976522,0.5171185010311545,0.6722217475893967,0.5116471880479603,0.6169404891541611,0.5996947534645207,0.47762871060292916,0.4251739992253449,0.6624203286549384,0.4401069849602763,0.5883307820914522,0.6910974421045313,0.578598846166654,0.44468609520542746,0.39148301526042206,0.35955967396264615,0.4116003875362677,0.39304342822415483,0.5880262546748315,0.4450401126593433,0.5023717864587128,0.33748475774918973,0.5500099699458955,0.48963534345550386,0.6422103299015666,0.4613434413200211,0.5506837089826659,0.5935256624931026
0.3511307054828091,0.7515246573853217,0.6887044853555176,0.4574946903521705,0.7442093357460091,0.642381280304597,0.4398273589643784,0.6769058460258414,0.6457342716289821,0.3405234032113153,0.5307688046903791,0.31055086527040815,0.8477452414536508,0.463444785131338,0.43566060080587865,0.28078480240202086,0.641412246018098,0.5170580906224914,0.662040512044673,0.7017499688620836,0.4257297221571207,0.4990076748617283,0.5755254930191553,0.4970357805406557,0.4896257836229198,0.3973952500185333,0.4892907179071713,0.46119100368150834,0.45571790373394583,0.4287077558310419,0.3666098797873312,0.3271153883131892,0.4293224143167211,0.509504226104698,0.3898731513901429
0.54928707160275,0.5901251114900221,0.6646699885308063,0.5649030859924845,0.7286235417554876,0.6466323404908246,0.5016944918958708,0.6873380851406086,0.4552869400620609,0.5429567963388392,0.604626314429859,0.5440650932525604,0.7751541080102957,0.502775670762367,0.42762423275783973,0.467145300971349,0.695531874387996,0.5343594316306207,0.7443315916892626,0.7756868175128634,0.6151370491027165,0.48346788864743273,0.570153168633507,0.505394616769389,0.5415450970149671,0.6671387057866275,0.5947307497190939,0.5039705705487634,0.4862010437909651,0.4297840998350434,0.4537951987450093,0.46950326027686795,0.4765034621740659,0.6797426715982047,0.5941888844696686
0.631249026118006,0.5221797608612814,0.4880801513002228,0.5950419576865552,0.5122285920077992,0.5797496170262805,0.5928581188657497,0.5016277426229939,0.4035339041991255,0.661495362007323,0.59396034125657,0.638225619361426,0.4161141049283337,0.49907475630003034,0.3807106385069287,0.6568989752444568,0.6081261632680778,0.6023523794377131,0.7272361473255958,0.5408233258800145,0.5170707621303382,0.4453678932985215,0.43228122012564785,0.5797099394820786,0.49101117191243476,0.5618258401886046,0.45962834740910247,0.58200142218906,0.4021523083519893,0.5016882454360566,0.5331042536466293,0.5425167282620424,0.4917459292900315,0.5883397665971316,0.618666322999394
0.44505943682754,0.571249767238412,0.6720856816198687,0.44769018896665197,0.6764412626850479,0.6195342442550416,0.44092982473926007,0.49016131211365255,0.5008708201820115,0.4709602539829567,0.5195149267831101,0.4546120060448995,0.5263472264082065,0.5488967332364526,0.5699776588324712,0.4310945716658811,0.7167909650752645,0.5951857350252734,0.6567036133735894,0.7562714383282025,0.5422052344033359,0.5243359442201349,0.5755347087107764,0.5410767805391875,0.6245570047819775,0.6877084420837695,0.7167410242245641,0.579305478470439,0.4380013589056748,0.5708918319095679,0.4940608631268602,0.5076078059797172,0.5497263369532437,0.6387122053652061,0.4443972235878364
0.5694814260795841,0.4908185488290629,0.5047699360404971,0.6407968754991293,0.5188394456138749,0.5042493585240354,0.5149449984264908,0.4568823963153157,0.46369579836005953,0.6235333218546822,0.47633914268853017,0.6115107098498466,0.3753960054502026,0.47318430346820195,0.5016010023429545,0.6335903063488552,0.5054765138319928,0.5608347896235907,0.6625126381318546,0.5533444620191598,0.40013154317135213,0.4104645705512516,0.4197830938623666,0.47799715568622353,0.4026438251010056,0.6106807825396771,0.4803640462184622,0.5071439426169408,0.4179747900496828,0.6257815471912971,0.5039326418492744,0.5987287297123863,0.49807288085208046,0.5766141209112755,0.5095256528811977
0.6772281981498348,0.4493836689732114,0.5725630769323637,0.5614725329777374,0.5203033998068608,0.4817513548005845,0.6165409665818488,0.5116816221406936,0.32045680053530595,0.6433979812875027,0.5171294758293545,0.6388422139487562,0.3208834903219927,0.5167051791215618,0.5302254092485168,0.7258672043475188,0.4810954728435868,0.5638724468410192,0.6923719069672177,0.659135513767119,0.45793385759852956,0.2582532096486482,0.3741552156733521,0.31230261929442604,0.47232030365459077,0.6474904762016793,0.6825455286883109,0.48833504364251645,0.4572517913746964,0.5218673665278875,0.5601942103348756,0.6434977447685416,0.5695457421409202,0.6036927295853685,0.5551396362258327
0.5532406840249222,0.5732294779311394,0.5552980036933468,0.5620141736311471,0.6715030168243347,0.6226948373410188,0.5426298673613437,0.644871827196454,0.4897763146814949,0.5669377424776149,0.5596040736921916,0.5873460957069288,0.5564849104085755,0.5491857178143329,0.4711748805577196,0.4549188144864033,0.6848386298525747,0.6543523568811943,0.7049544597252049,0.6897420315204069,0.654454499235274,0.5130062672030317,0.49111041025599533,0.5429749610964028,0.5332184846433331,0.6254136337638084,0.5355355750078878,0.5956644091529105,0.4549039798411901,0.49915259012285423,0.5062862374917569,0.4736912129502011,0.467732283997794,0.6360076161692451,0.6194499809006998
0.3742367996694864,0.6794226153434787,0.6361511306655295,0.45388556266905683,0.751157602451674,0.742758660811942,0.46296251958841145,0.6325213767589967,0.598929174944791,0.39685151566191035,0.41066276417964326,0.3891457662560325,0.5810387444291751,0.46389177169948864,0.4772857840427804,0.27486723763783005,0.6852524679696538,0.614311765189942,0.5860423353433909,0.7170162987438032,0.564861206572202,0.6852160514174478,0.4741041550506655,0.6041644934802981,0.6854176578704078,0.6058172095193929,0.6173776804872051,0.618737516577031,0.4319933527686081,0.5315504177072294,0.33125859310296474,0.4772305277873785,0.44286864425046213,0.7157133714870869,0.579818131730082
0.5471709879636105,0.5589480044726748,0.5497715650971401,0.573924118640846,0.5971900503324639,0.6143470991941653,0.5548072826866112,0.5761052167830999,0.5512713882378091,0.5784129802212309,0.503522510145756,0.5094372327689075,0.6524290818999059,0.4981025525584917,0.4367745295471546,0.5212877667343152,0.5484081521091976,0.6295035814307277,0.7109880359465262,0.5899842994374479,0.5106658718765668,0.5467070584506427,0.38132617244996064,0.5257102188492802,0.515213649835181,0.5519169697713793,0.46604014682090716,0.6117114168081008,0.428938804378487,0.5342087241410327,0.3813705406484941,0.48794716818402756,0.47778574445653654,0.6092818564214364,0.5944076128826334
0.6321447965684808,0.4282174380397024,0.406098842770845,0.6516674737710999,0.38299849457585045,0.4168165261420697,0.692990909940031,0.42337230848143187,0.4042025362550899,0.6381444529723376,0.5025097118458693,0.6594758588969472,0.4972148500263895,0.5525198718304893,0.5131498573790784,0.7356476137604652,0.40543636446923337,0.6122370733923924,0.6878559230479885,0.4874298906519781,0.4414234282042058,0.406725261690471,0.41824065917591935,0.509124782188349,0.3777799226093283,0.6388392325422939,0.4924823884770255,0.5144836748712581,0.35134439243508325,0.5668764878139549,0.5679693144065544,0.6383464750155334,0.5561911853836145,0.528954955852991,0.6179434989872065
0.746714634754487,0.4838673122231916,0.39590332288946956,0.7216142212292712,0.4966352452652567,0.49886948639837186,0.5840619616820532,0.48339030368766744,0.4096501191814412,0.7187735310616746,0.5744018965203975,0.7013825015391908,0.43799300337767716,0.43381002133172436,0.42820622808475695,0.7278177656965649,0.5445319681957895,0.6019661006371163,0.7627211666693312,0.6355530019409619,0.4614776633707099,0.4116971559024341,0.443612276502724,0.5589339101732048,0.5023227175622873,0.6086847131652477,0.44842474003111304,0.6024529866914913,0.4826704601194602,0.6405080239942187,0.5639745991192152,0.5982935656074088,0.5691124830659605,0.5736747266659091,0.599293960020279
0.6975397343804514,0.4846375892250413,0.40200581188493656,0.6794225082135623,0.37845662996757,0.3781192866130311,0.7589150037340713,0.44217662614621506,0.3275649547001737,0.7716639575730981,0.49120031474656656,0.6956851386197687,0.49366948038513736,0.442593788961036,0.5340436317229521,0.7680277908809614,0.382883088461093,0.6404468689294078,0.7111251653170625,0.38128650467025954,0.39033749589196653,0.3445734652864227,0.41955912127458483,0.3345672383033189,0.2947200749298667,0.5133418855132058,0.4316858219555072,0.4997644576188393,0.5019455495057579,0.5163343116269095,0.4888970422116571,0.5416467654077447,0.46416254281280284,0.4369303414671576,0.6598047078419672
0.6672703525258897,0.5070750440735684,0.44459007354940755,0.6165299538009537,0.517072212689852,0.49941134136242166,0.5575215744085399,0.4706501499323814,0.49554964880764923,0.6470037479067794,0.5143532237375786,0.6206656020703297,0.5258873798469698,0.45688511765817946,0.6244200759355477,0.6270999893037218,0.49424606169608953,0.7050817232833162,0.6706086754519004,0.6421927055711983,0.407625195612436,0.5039749701877327,0.5241364405366427,0.5340205550539262,0.4766379993117887,0.6569222338923717,0.46546500648138545,0.66901142368147,0.4699861832672882,0.6238746387687458,0.65677034268192,0.6981345626066822,0.5654811774934463,0.5703014296807113,0.5620788082161688
0.5268663357693303,0.5519835399432538,0.5810970779905297,0.5538571723293173,0.6222812095016681,0.614820503843132,0.48493452798006237,0.5864164871283991,0.5155169635358102,0.592090409910097,0.47294273003753,0.5427615634031661,0.74677733840783,0.4634424574575973,0.3976598873852008,0.5123100635074528,0.6045459673141264,0.6146520817103561,0.6974996519163161,0.5944340209476326,0.5036596465474885,0.5645107625313126,0.40313708113995267,0.5237454121890813,0.5200021969108596,0.537961489020137,0.4800240769171878,0.6549691555719849,0.40153960032847397,0.5193804382693706,0.4149681545095641,0.479004355883827,0.46099528314580646,0.6235019685732558,0.6069374928680561
0.6249082188269711,0.4913013808883336,0.4376105770298881,0.6363646898798766,0.486984233698021,0.49612170140605655,0.5965297022922594,0.5018282502964101,0.48651897074331335,0.6647353613020269,0.5502103659410321,0.6006811826780113,0.6431880190129472,0.5131897362786056,0.46683106809153757,0.6499434271714065,0.48000303505473335,0.6291889107827519,0.7273195442375098,0.4862745312176786,0.49517911730968045,0.4689007087967994,0.35000239157993535,0.5308220779430894,0.394225352270712,0.5599606031092196,0.4488111612381603,0.6295791061589632,0.4660521449443003,0.5426712155712388,0.47673186037269993,0.501113844594273,0.5137864354201483,0.5634210558983007,0.567504929803848
0.6292273299753127,0.5124037185204938,0.39828424211953456,0.6203622587152625,0.46535595835839083,0.44714637326547996,0.5670006545011458,0.492424465109476,0.5217718636774734,0.658745405299883,0.4537255056310761,0.588354673850053,0.5376551816603725,0.5013357042625696,0.47255995091331565,0.6790395169145794,0.4625215143903481,0.5458136796750699,0.7106532750381297,0.6137499348007486,0.45294412789424116,0.42770969578587364,0.45148552602890263,0.47454655676601804,0.3630909764091834,0.5914734390040735,0.4094335332433345,0.5268684154747026,0.34868264088802836,0.5455560982565507,0.4568479251188904,0.565276854427495,0.5139624023595829,0.5192003420530692,0.540544426664535
0.6802732951458421,0.49456926443457644,0.41473117968731876,0.6529923146220326,0.47832358974505346,0.47591904783808436,0.6234777288197545,0.5244303816246632,0.5055022426693173,0.6929854198020227,0.5571749354715111,0.5947100012789902,0.5760814772604944,0.5204980723705422,0.4859058556916936,0.7047000529139188,0.40852070966692144,0.6449984006621419,0.7326222714419464,0.5108237092334139,0.4896008279308699,0.4429944726798391,0.4160187989048098,0.47329900091286964,0.4431260172812657,0.5443449289002094,0.45721596325426184,0.5423304953580242,0.42921626689288694,0.5609138099191865,0.5739874408969409,0.5517394794472015,0.5284254892841354,0.4835225662656815,0.5720177982715529
0.5162923640939729,0.6358915383072293,0.6420111579405,0.5390104588027931,0.722717629076847,0.5962200767400373,0.5257186791196667,0.6497766834177272,0.5290720308114564,0.4753056586393891,0.5520906863423211,0.47719798184163287,0.727762258119371,0.4335920212391862,0.4664964670844703,0.47393027379861774,0.5688648717082756,0.5822352016063301,0.7651179942246598,0.6001712832559588,0.4685519214954431,0.3971773811567841,0.6570345502802364,0.46721701475149147,0.5174493875780076,0.557144854808378,0.4243036873713952,0.48868377979247213,0.533950084901375,0.44585559284333187,0.40129271835372726,0.39943442988020267,0.42799270973533615,0.45621699165061114,0.45028407866202413
0.7213384441512928,0.4717740305768488,0.45486323996356787,0.6547717923991906,0.5503370478096586,0.4659447095281594,0.6108943791270299,0.5620337251871012,0.4343804701550293,0.7080464983927491,0.6047178036701697,0.6872761285792984,0.5379488571146275,0.4719305066134389,0.4457997340848647,0.7058289792283587,0.5726319230953565,0.6257158901310101,0.7702838268250299,0.6490902282241718,0.5272250754144395,0.41291432977932313,0.4494780573882056,0.5507760588709244,0.4599482943797004,0.6298803382520684,0.5008239083690031,0.5924216572016757,0.48060894453268393,0.5886835135362433,0.5567911048234615,0.563459210939259,0.5291663207408378,0.5699496035069781,0.609031588119015
0.5546667781296687,0.6023903007543893,0.5463000794385396,0.5554174954037709,0.6873334270909807,0.6672696506241333,0.5043671721301874,0.6256688847925251,0.5375372831175005,0.6103366081446602,0.5853225128693734,0.5964913557160174,0.6344130474273125,0.570120028152722,0.5317601869903642,0.49759593250309214,0.7432411491442797,0.6778237036377575,0.7207951942567107,0.6475900868716433,0.6406666198344669,0.5698084520488079,0.44172351679901456,0.5976221663443745,0.6229569394340575,0.6734209948582018,0.5675542978627934,0.7141135553243751,0.45347452292044416,0.5594544092699153,0.552770629491703,0.5200626559627722,0.5637381703589216,0.7325980629939566,0.5968394815795379
0.618264464434127,0.5696384769125324,0.48347672147409493,0.6219155019944211,0.5807565888069034,0.5860602359968154,0.554786180665817,0.5951562536840848,0.613237360827797,0.6893386212112587,0.6105905469173001,0.6460393432873268,0.46780862643175886,0.5089767385523746,0.5089061090288872,0.5997905098347486,0.624826559209765,0.6950881513970386,0.7557270429126608,0.6172723368925076,0.589222711961382,0.4966607201001884,0.5702394877951201,0.6603983250549967,0.5154467871522835,0.5608405569591705,0.4857393443575165,0.6287307233931886,0.44372962380246045,0.5488768143512289,0.4665876883164477,0.46657605628421495,0.48450485518382486,0.5786768917745734,0.5763769107665455
0.6318566806579805,0.5119148361035304,0.5683839511697278,0.5476449755284422,0.5568747704983742,0.5556402099191896,0.5913378965443412,0.5151889576035792,0.40933228110267944,0.5620102265795727,0.5202760946165744,0.6306516588780068,0.42551695705266046,0.44558536436627155,0.45001254456137096,0.639968974535495,0.5701182909825654,0.5619853705968182,0.6944920427969873,0.5864338011805995,0.5296630495580407,0.40244442489432924,0.4146691911892974,0.516619236576305,0.5326046638171642,0.6121217502109487,0.5406402385994192,0.5143417654394056,0.4710481758783849,0.527369742971406,0.5365147919039382,0.5997828850200786,0.5072548117694612,0.5998555499895356,0.6311814669072449
0.6366068117632586,0.4006765187603065,0.5372547098219966,0.52255353316756,0.4679361292771963,0.4225263156514007,0.6559033356042139,0.5135965907064206,0.31051771951268947,0.6336055552541571,0.5571915160540006,0.6647560236048633,0.449087312988188,0.4434992269235284,0.45841438042020977,0.7633422288846295,0.4765262644898767,0.6048611393556996,0.7475128021333716,0.5773105663634981,0.43804441671090355,0.3079572677586771,0.47076533758664746,0.44112661521879454,0.5554398151002371,0.5285375239294399,0.5227489792733453,0.4446303899278191,0.49754127276647975,0.4320180795591598,0.6765650776121989,0.6504902650117808,0.394081712242759,0.4367476328125428,0.6634643574139135
0.6542756412982088,0.4023236453449838,0.5896552311423052,0.5640406630421702,0.5282013386951181,0.5395991105732406,0.5907819373700104,0.5356340948667325,0.34351892542756224,0.6819877393941084,0.5737113122161691,0.6354488375078645,0.385049033408344,0.46558422940665123,0.4111343001380008,0.7023092409505722,0.48450031777020586,0.5495808552558984,0.7177052657277809,0.5441439592028934,0.4981854304425325,0.3149445696057759,0.44109789818971007,0.5746026618941492,0.5309259971435715,0.5431007512220376,0.5308368161357355,0.4734753873901759,0.3737707615028426,0.41938874501003165,0.5602572116477136,0.5799533423469334,0.4340276402764284,0.5452145496113585,0.6190303331361517
0.6046741364214311,0.44880846948353836,0.5535676413021657,0.4502712914599295,0.5306396176354463,0.517331432327614,0.7170417375240686,0.5261676080616551,0.37030103772173073,0.5663243676242963,0.605201048295454,0.5308982348171193,0.38637999074291685,0.40581835520411325,0.41868703062175927,0.621020144816476,0.4340690561886451,0.5956751684716695,0.4342685204752822,0.38814249751377977,0.3903863017036069,0.4464783033492545,0.5103940238877968,0.4255502800641955,0.36079172770077395,0.39828770477120057,0.4844054201254858,0.3785878954581229,0.7115886158101863,0.3207613424257799,0.40607885373335456,0.3649611753956043,0.33067318010396596,0.3635618946039037,0.5329961231935103
0.6017661865676495,0.48963264025339787,0.4410847731346539,0.56986594937457,0.4132797679086679,0.553238941785074,0.5771623613855645,0.3818449273734769,0.3816038020911148,0.5953039674598652,0.4948342153385294,0.640090852758761,0.5878288283031686,0.4926537636266904,0.5223521289998919,0.6811070853037379,0.49171776312701726,0.6824733047824806,0.683322338994451,0.49570205513691273,0.3855977552840418,0.5218927386852091,0.38779478153648617,0.5258110617293169,0.42419796065468934,0.5886887179155275,0.41348923880120947,0.6378027843339454,0.36817294287428615,0.6034317690920586,0.5758045696283808,0.6611955181607599,0.5148051035090436,0.5414177757912235,0.6311009176316963
0.40438115010218945,0.5897919006418618,0.6979638339889555,0.3089355604386995,0.676968518037435,0.6421017229760442,0.437499949926173,0.6081396309743532,0.5039168761463975,0.42497546171139955,0.42067805656059754,0.287028345034533,0.3763120926977267,0.3895876881199765,0.3743008517188966,0.43700607115216894,0.4815525834948628,0.44173311786240876,0.3740954727121679,0.4834175938181245,0.3884429126520059,0.50085362784008,0.5834871935958879,0.45072030991086864,0.6618017048866227,0.35342691895354417,0.6917672999390383,0.38434711307142183,0.6064953246853648,0.33379401298276556,0.4290932919496854,0.4128779590713463,0.33407945860766364,0.3878191172083883,0.45667975988731835
0.6145644498459134,0.4738374364810888,0.3171527209099456,0.6660256956683945,0.37580324570878476,0.39391092462314226,0.5540015076005057,0.33687329061643506,0.46810020975264555,0.5470679638196898,0.45107294866257613,0.6588740486504355,0.43727275685044176,0.5026148646744485,0.4588948885419717,0.699948854806999,0.3816997780599068,0.5503331181371011,0.639123277780609,0.5178672310980788,0.4453797460105395,0.460419732435248,0.33940333491989677,0.4556021775200293,0.3126770416072817,0.6453255216447642,0.42583772604439624,0.6216212556241492,0.41561106890222266,0.674126919974733,0.36907799690361,0.6046844458117413,0.5131148288421301,0.5619904187108461,0.5554531411829753
0.6461109848559623,0.4984121677363138,0.4594109140613677,0.6204092448065899,0.5235084770179079,0.5637868766423648,0.5036467334545474,0.5398979671175452,0.5326267185364746,0.6177446994435827,0.5407799889118515,0.6646007898174211,0.6072537171077977,0.5390689278487303,0.4906528820570626,0.6477001907380868,0.5133181994596301,0.6236676056840238,0.7177874581348263,0.5306283057560248,0.49796858872445604,0.5056657416248286,0.39457101807574546,0.5193201195403225,0.416368984457356,0.6415406159471639,0.49244282171019943,0.6613538106566181,0.4047643692497299,0.5926349920113791,0.40178720176677896,0.5017582662310802,0.5396661837555243,0.5889381897315744,0.6204780242319676
0.7277358791829036,0.43096749244849475,0.18336283942277434,0.6794802199741807,0.13584006119776687,0.16761575359777395,0.7679363752936018,0.5265860964440511,0.3315537266256671,0.6371753763763778,0.6901790930424667,0.6665698464707284,0.3983117416140923,0.659191093533862,0.5401991382364004,0.7905648319004772,0.27704749723792943,0.6871092765514766,0.5018723880946753,0.2342692230290347,0.5120264707406988,0.32974121523335975,0.3013743327272695,0.5782589098148176,0.24885490747215133,0.5594489378553236,0.2819185559406246,0.5176866668099152,0.26352465309592416,0.590205220995956,0.3973811316809964,0.563705000379387,0.4176484634752066,0.34888008894325373,0.6679407587216083
0.7196319298935914,0.4328121384781807,0.18298009637846188,0.5818950451941274,0.17171155401624272,0.12458663307073031,0.7391631092890215,0.4677087632082482,0.29619675846434684,0.694627284108665,0.8501871939156875,0.6348096993116434,0.31988525698665327,0.6330384274211521,0.6321719643171475,0.7724776374331098,0.20821299636248022,0.6260674531920751,0.48588795570710563,0.4115147762881883,0.3141558460603737,0.24575428880220102,0.5104464336544964,0.36043786623346696,0.2940604831198195,0.44351851802894526,0.19013311184185003,0.41424096786952724,0.32496425587567535,0.44738292193886453,0.44231394302992766,0.3438311542652376,0.4186551509377227,0.2311559119760713,0.5965569120235654
0.5646130587338747,0.5792036920944743,0.5002433943269354,0.5701735303645251,0.48764115324846,0.5274117075228363,0.5349919530418774,0.4429055751198575,0.4236496205340623,0.49275318897361553,0.5855234380406301,0.5600818429076369,0.5364334936952938,0.5390134015761824,0.4462748497851994,0.6022127267952229,0.49588019695836527,0.6409049861857259,0.667590644457886,0.4729382698374648,0.3906344715144726,0.5324747166530419,0.4754035035831226,0.46479227812390234,0.32698508575859986,0.5471152492576901,0.45780606882009645,0.5851682620300963,0.45205566474398484,0.5568611796086551,0.5075118908348197,0.549041484333501,0.4259337028834872,0.46374400927319015,0.6648983647663953
0.6547443733147509,0.5155586873326864,0.3223860299541475,0.5957063987798049,0.3411594071575217,0.45975140427105465,0.7156054156294066,0.5752674800163148,0.5583534934958427,0.5865826541390585,0.46381405864820546,0.6647172599789144,0.4022507022619731,0.7097246155069197,0.5455452250169666,0.7267474164388867,0.4317342211624819,0.7029454036915758,0.6162004124330358,0.45541516545191063,0.5709892402510122,0.39742088017377974,0.32454385774867267,0.534436395450153,0.2909554592596618,0.6811153592893187,0.526336393254074,0.5267583793396013,0.24294026545521863,0.708707833496114,0.32206052123456436,0.5856410042009881,0.5141025888859828,0.5099638944014269,0.6423798933294869
0.7900250845143764,0.3876606676237424,0.09675238489347374,0.793412989816435,0.17949855660361286,0.19739939862424138,0.5594754374961031,0.3540585610512267,0.21904417220819516,0.7559713265199697,0.46633799141759336,0.8125811443180351,0.44238326892128355,0.5721644549117413,0.6038656082520724,0.8769183951463886,0.289602955977415,0.5171522358238831,0.7134298586610661,0.2479550244498306,0.4063019848778143,0.2461794992114345,0.4699060740915758,0.49806855885712786,0.12256272437368455,0.7501715783973251,0.3599698597605764,0.5472286305217144,0.4254704984408099,0.7154190786219192,0.39729495094886635,0.4842464088953291,0.7457083799065837,0.4841530845215844,0.7303560231763694
0.7510107893951357,0.36331669618382084,0.32057329674162716,0.6468228051665137,0.39712875218029287,0.3870806848791853,0.6433503309116131,0.5276290896319209,0.38610454866155275,0.7440557188456577,0.6450906489568036,0.6676001747652837,0.4170571841654138,0.6061177299815248,0.558346257865826,0.7603430791136756,0.5216766754026462,0.7077801657380339,0.6604112409643494,0.6227342224033391,0.4692835386394658,0.39741682373192366,0.44095254899961667,0.6107247396714364,0.36998807831147784,0.64766024539242,0.3960342027854764,0.6211299972567073,0.4241853292443721,0.6576015665253802,0.5866783922667965,0.4706849612550765,0.6367868859382818,0.5041346667830875,0.6096233785452161
0.2619093692561528,0.04834920287862735,0.8014499372494567,0.004102604143888602,0.563983032496424,0.17550324028600495,0.030669881115456096,0.34064156617449937,0.05098018107404935,0.3819117905466579,0.2947017694030309,0.169605514096016,0.9778996377645438,0.3012455316558628,0.03452410756915101,0.617747390273929,0.48798691454149684,0.0404648307323935,0.910363693967916,0.9160334148289446,0.07840931123775895,0.3725251135065142,0.7032566242768733,0.16753229896368912,0.9117024206723001,0.18607151988346998,0.20563379257754189,0.018975155058038554,0.883593547840445,0.14622209245056056,0.6697238493874371,0.05171548990405019,0.0020700729507596967,0.322239702132285,0.06786560492817627
0.6556811918226887,0.5001122456633643,0.4951502495092669,0.6272531394323327,0.4946558187100852,0.5255362125266321,0.5318945020499991,0.4680436214445215,0.48788607879229773,0.7635555540974823,0.5252806156025315,0.6464051157136523,0.4022095914513823,0.5882398024326977,0.5376832503086302,0.6990197368297087,0.531661791528152,0.5711853343966187,0.6510433717124304,0.6960775722836451,0.33983828184958825,0.32417823576140037,0.5585887474763954,0.4113753233686116,0.4854465148346063,0.6166675404335655,0.4633839629258164,0.5034451025987138,0.3945815575737752,0.4551083849190778,0.4839063681879736,0.461426420982441,0.4673096292079818,0.5342739024350531,0.5569768134741067
0.7541718652128884,0.42809932454100497,0.37525448999018557,0.6118184907833114,0.27976203404243116,0.24699096175357121,0.61671515244703,0.4171287248610056,0.2884200865056873,0.6716516546577308,0.5307604469319933,0.7193870722272444,0.5377274536343143,0.5781242537879006,0.5422784511699423,0.8145600208897189,0.4992715127612595,0.5652782418595286,0.6164216717034002,0.6945157491875817,0.26187873623197394,0.2535810824823769,0.6253863043147885,0.275828027538789,0.37207840812118353,0.5388433007292444,0.47924752638630924,0.41499421570283557,0.5406085108417457,0.481149944814412,0.6182825594541046,0.45071572740993865,0.523534965122812,0.42081472309886914,0.5612283231944898
0.6848228436203612,0.36078277480134124,0.4794960916507679,0.49891140190260597,0.34438867660937467,0.37351741415574924,0.5690782004796265,0.33087678553595035,0.23018470980804082,0.7026611952334462,0.5064022712879539,0.686636377343928,0.47282593592906363,0.6844121832045507,0.5110110763724863,0.8310072454919971,0.4885429632493461,0.5804614025517185,0.6022306590798396,0.709287532279403,0.3210173172450149,0.23970466152503006,0.45354609216475184,0.4297913184464659,0.4002905888630729,0.5466405893440927,0.6233359257355121,0.4317090610484585,0.41291758958559915,0.4772726615849956,0.6002392576074073,0.5219604090605269,0.580414992972033,0.3644579124658024,0.5538841050940124
0.7060228096389988,0.34117587070192246,0.2364856802208315,0.570619588020234,0.23944489902036792,0.1904860364640022,0.5144854812845756,0.2853274572332365,0.30161592071906285,0.643745985328523,0.4462143781354703,0.6928387212207164,0.39487237291797306,0.5010136495633952,0.3946295996782701,0.8210787077338497,0.42880573233415664,0.4813755451951942,0.5900116628997389,0.6303034834537449,0.2868376813764326,0.21487361940406502,0.4120934986096938,0.3600627242691466,0.35035586318967815,0.6012491029786253,0.3359166926193995,0.47988112044836934,0.3928325854703337,0.5555109621198793,0.41840011229601404,0.5574287040151621,0.5741533760448811,0.42084809321938377,0.4597989500903665
0.5573241907077556,0.2741768715742988,0.20313142326569533,0.5230371417679279,0.305851363533332,0.16819864193892411,0.5648425225286026,0.304055154511264,0.20914706605069486,0.6846037614569542,0.6069935449354844,0.69801264283225,0.39051604037293347,0.5166691947597014,0.37671376942014956,0.8690588205270444,0.5859435486587329,0.4419840944357767,0.5719009220270883,0.8047389766987212,0.2749121407816815,0.1735541746950154,0.3784537111828731,0.29983982432384704,0.272370204874037,0.6780942400008443,0.5084509451894338,0.35236168045114313,0.42512443227939667,0.6433925605673012,0.42524244793814486,0.5471681516435078,0.6788511690213934,0.2397609630380669,0.4859793000471384
0.7211988774432156,0.38984982330443907,0.5297439373932136,0.5391746637948157,0.35373298773960293,0.350509439251408,0.5757027928196279,0.3461426917401271,0.25402488054153494,0.6834884124597418,0.449307830710525,0.7049243033116154,0.2716252133220426,0.5772339895958762,0.5175822463747819,0.7857194383688073,0.4439579380260994,0.5456424665530817,0.6498972562051946,0.6103045709808044,0.23640420546399843,0.363374895204841,0.3820249769125672,0.39401157812145193,0.3637336592302364,0.6313742928255632,0.5097427483104776,0.4729935422752527,0.3678433641098684,0.5880501820251307,0.5385891973862692,0.6539997371045313,0.5254449891492781,0.49109942890670316,0.5806466610661711
0.5671898649590983,0.3829375297542882,0.48452595348345956,0.5866685972715021,0.47984873591502786,0.3475105681624906,0.6481570832384674,0.45639240305071305,0.4360396837419741,0.5863465004164782,0.6618277968131391,0.551050903727005,0.6550427003665258,0.6021612121306574,0.5816057385049271,0.7778689442634414,0.31279526287141124,0.5458995580662953,0.7316427511204935,0.3284550358336247,0.4510573924391087,0.27742031538253836,0.24594884807830053,0.3247061236939058,0.2083426770289642,0.6668685984986767,0.3520776953221165,0.47180391491852247,0.3014243379427191,0.3047126124878002,0.41878673919208437,0.3869297420910356,0.5428157047610824,0.4208752893747867,0.6440473744926728
0.7328186842310955,0.4566875965023586,0.35719505945657054,0.7022305751942592,0.3481548555191428,0.4721857847939904,0.5874785215680983,0.48506456838829315,0.44020672090766566,0.718295093109575,0.435839025202143,0.68386024897328,0.39708400319380704,0.5547738775095272,0.47105539667046054,0.7432256383735515,0.3961270738730877,0.6750914143381272,0.7316705737506657,0.45550670997810727,0.46332670848645097,0.5113768844950394,0.3355202622395373,0.6364254152761493,0.4365015961229154,0.6160892905882518,0.3526006339730988,0.6209820783880604,0.42786925944571264,0.6363346302251502,0.401488201267606,0.5677102318104472,0.5681948297432862,0.5393485311315339,0.6201532742206972
0.6487194052188442,0.4507570898096929,0.3460310563623288,0.5873087889326218,0.33985885600171306,0.37822146653655453,0.5093085527795826,0.3065740872465692,0.463742909351532,0.5112480937855186,0.41683950240931467,0.7555257524467764,0.5430757700967801,0.4844010712578355,0.42843952385381934,0.7287597647540373,0.4314665811259554,0.544214697580292,0.6771953106880031,0.4510176227982159,0.430281344491919,0.5237061527651833,0.3373242115122449,0.4736946619451893,0.2938918908065322,0.7217689070137118,0.4761453930984958,0.5559640134138155,0.49347546006975723,0.6635263953750138,0.482694327869922,0.6840676614025887,0.5783758692433643,0.6406248712309739,0.6668657093058428
0.7750095499676455,0.27338851937512676,0.2494503095435888,0.6698392284598247,0.3043210074861666,0.3343850868565884,0.5676290505176896,0.44671285069593347,0.3334127190691917,0.7016565155071842,0.5058259074501946,0.7490126795978653,0.5270811961278052,0.6049686784304522,0.4162475919415657,0.7792413174165915,0.4702337189819057,0.6203645658085459,0.690511565097472,0.48691173192019166,0.3906919306130518,0.2757171457037508,0.32275194128270573,0.30872274151743356,0.3116040674818031,0.7061556753157976,0.5572328323685267,0.5114746392257181,0.5232810973896322,0.47643640910891477,0.4103150995113486,0.5641399208302866,0.5319302375804404,0.5637240331540132,0.5788865047329309
0.6823013482382081,0.4518006556275582,0.4293821786371298,0.5409063141883055,0.3950930360485461,0.46061624101841514,0.5258736286812487,0.4966176916746456,0.4875803958796835,0.7169591034677412,0.6323324669717449,0.6583277755206263,0.4602202303849179,0.5563480562177938,0.5167729231204456,0.7317272436120177,0.3834241128512736,0.5714699075649086,0.6789079383136525,0.571991445809773,0.24353889940774226,0.3019191377432014,0.5965955636562107,0.16998420356443708,0.3762490749120575,0.48042484686388637,0.4405811526716591,0.38731083988660275,0.47970206493713924,0.45316157510246535,0.30488233105147033,0.4098745948577349,0.3681199892784862,0.4299297281406657,0.5136635943101104
0.8023656885206317,0.3812314279293062,0.49296900122130427,0.6536574964035492,0.41431938573720606,0.3910607633002227,0.4955613159997816,0.37341996185930626,0.16817436726964646,0.6924586502681338,0.6103791496966723,0.7288638560464098,0.42033005181265715,0.43471606413532904,0.46325590824040175,0.802481836572485,0.6271207861441919,0.615081485418349,0.7198335260642753,0.7273462276484195,0.2669400683537013,0.3676130872947583,0.5694233321580464,0.52778637902177,0.4889624022825021,0.5381221596832236,0.501549209020496,0.5062724766762514,0.7035710363730464,0.4645094365498788,0.663345638991861,0.5443817461403357,0.5168941072633424,0.4420768000228922,0.571807289685468
0.6714136713618771,0.3655382654100975,0.5884600306645718,0.46691040107532433,0.39664437241574674,0.5332503122160392,0.5697327499879117,0.3809252637119879,0.2711131901673557,0.6831833021058193,0.5017907933979516,0.689698921481219,0.348643973735783,0.5118306896489329,0.4568228993424237,0.7763865571518405,0.5683922585914973,0.5568008191774368,0.654854233387955,0.6903631254872791,0.3029243210423542,0.2513737550631104,0.5506411019535891,0.3993137050828638,0.4586618489488847,0.6377457303165213,0.5867752287289774,0.4673958593224924,0.48296591817941664,0.3974069056651739,0.5592695610466871,0.5862481815726771,0.5928204256469949,0.49975797049202253,0.6443522100805547
0.6760911203362565,0.4185586795148347,0.4616402251580806,0.5599761729773809,0.3749737690261785,0.46493001631762965,0.47816449278100065,0.45617417343873906,0.3532800018879666,0.7210574620002799,0.6003535889157461,0.7153050739968274,0.6265315705873045,0.5842136177563377,0.4958631106062831,0.7526290169173544,0.5290134510029963,0.6100711604026707,0.7257183995241407,0.5022970107598388,0.43044542117559226,0.5588385143322472,0.48702053676888907,0.5769595968376752,0.3360607385484877,0.5238799267020049,0.47365857833126174,0.6620095413480918,0.49574084999010687,0.5552213780467119,0.5040891506273926,0.500501056359087,0.5501673185821856,0.5000934378480837,0.6073625527443098
0.8622247134341362,0.5901452612646478,0.383331534860771,0.7073213452356675,0.5333410240457711,0.5476631464131256,0.562136564899693,0.5043625831109255,0.5885530461871378,0.7511342535625116,0.4622415007366597,0.7212237151325236,0.6732815954472542,0.6217098898663929,0.546229444340981,0.6010952820007835,0.565416323268437,0.6555199264245948,0.7618027193459557,0.7206893488920754,0.5018805142513099,0.45013669474219153,0.3302315239173884,0.5065520180334314,0.33154411758802893,0.7828293094783545,0.6198511249423864,0.6858820821103884,0.38763149438993655,0.670685995505947,0.28207463120684034,0.5613486175904087,0.6765525781467181,0.6047361007307638,0.4822198877651213
0.6238405847634751,0.6353284796021914,0.6447073895197264,0.5812875617583247,0.6774111989113045,0.6834158931145717,0.5184622783829318,0.5984975819922027,0.4507885103159828,0.6335683246927963,0.6127442973695045,0.6315082837409225,0.7814117101710719,0.5520307423583841,0.49336347641589656,0.5480628394561932,0.6754028488624817,0.6203893820654526,0.7279172979710336,0.6685538033880203,0.5878687281428656,0.5721886567125842,0.438356531050822,0.5404691603757553,0.5420181964729545,0.5954605033155096,0.5160225261364106,0.614597719887764,0.4385734226454975,0.45653444097950036,0.505874826319999,0.43935600590328927,0.48598246329947475,0.5801603546777154,0.6447912086275576
0.67329231390882,0.4587204602051235,0.528719599141715,0.5404409242818224,0.5768573534138541,0.5556471741464639,0.560915979516486,0.4976255501077972,0.45222073022137926,0.6778472360430272,0.5713690757020577,0.6468479891667582,0.46056206838463953,0.6050246847979774,0.5577049875835345,0.6101294386257003,0.45714580477145533,0.5997336372191071,0.6986217890882527,0.7017265581903935,0.4125242789466339,0.42434371434082263,0.4043998786218067,0.5003085062570047,0.37674505129510744,0.5216833184827314,0.4210016064390229,0.512203664421207,0.3584357804713073,0.6696541398145692,0.5435813375166645,0.5159874251762611,0.3850028340378542,0.5939062168757394,0.5436497127044457
0.7054685018189577,0.39724587626819696,0.6260456387210769,0.5542663604267801,0.6099897967236312,0.5698641399138817,0.48825372386626076,0.562883248058001,0.4389900967203552,0.6752292914490643,0.5897604925006413,0.5373003029814767,0.3540850624017007,0.43693848886093023,0.5224304528771107,0.6671636505811338,0.6200417208559297,0.5343092691981592,0.7145263416775359,0.7374148754030501,0.4433817781206113,0.2612514654695308,0.5295220544424417,0.5112056310394475,0.48662748672919726,0.6228203648245393,0.6449630396413878,0.47940484427191443,0.46417979869372045,0.45329258398389843,0.4536348038450542,0.42954746816435296,0.5260680312014294,0.5292657213042407,0.49813774053437554
0.5891297822232116,0.6194554252848441,0.5464991995825337,0.6168377202243174,0.6802170147427647,0.6733549597819113,0.5645759769536602,0.5920156794565639,0.5015172018350519,0.5629735784498793,0.5353549912254488,0.6619479573378437,0.544979564243149,0.5269053758900569,0.5221062106841255,0.44844182112769454,0.6776458333262163,0.619460713857352,0.6727598163917805,0.6727590060313094,0.6830887211586534,0.5977503353345993,0.5389164859314607,0.5750526117798238,0.48442705102629274,0.6507532915042942,0.5369571625776497,0.6135693433312592,0.48858265024926806,0.5118919558246318,0.48727613238581025,0.49707265712271304,0.49138162496601423,0.6293664265382616,0.6201959237356951
0.4796687247920781,0.6781964557661513,0.6842937317651889,0.5107570082954072,0.7028930734576401,0.7308664801842621,0.5013714238161008,0.6123642138177819,0.5335858422474942,0.4758233848969352,0.4330222914772467,0.5115937954803444,0.6716744704670277,0.48428918734039206,0.4379804977094279,0.3271153352635645,0.6478900669152885,0.5982858714638866,0.6904748073193434,0.6568132992890845,0.5501050235495868,0.6481722122172617,0.4862746646139716,0.5846815202184901,0.5733932679778797,0.5747617256761847,0.5684644568213838,0.6166778779793046,0.45981148645780223,0.45748109689751404,0.38517745336347453,0.4528783464530155,0.3994777878138759,0.6345555128030292,0.6369101747072492
0.45361663587639894,0.4103577909763486,0.4827285453982632,0.4071646015824043,0.42168219458308853,0.4415064147553748,0.4478776351848307,0.5091032737119582,0.5244775537155445,0.6254714251851203,0.43241361724564203,0.6517120005006327,0.49722097398663717,0.2720618589094524,0.2150429596854146,0.6813589298675622,0.47055661049666264,0.43752618704961965,0.5716576089844387,0.628030039423833,0.484323298635846,0.29846292866498253,0.48892864991173246,0.175887467829933,0.41321033938619184,0.7331756194913234,0.365012251251909,0.45457689427445674,0.3408570103162267,0.17897222491001183,0.5931488786400642,0.6489357195262561,0.44972798864584146,0.366133936562478,0.7162957842268322
0.8117488042568339,0.45945663901780587,0.4048863914930124,0.6983945698717838,0.4394376076634902,0.469464231309635,0.6870982069100269,0.5199552692124737,0.4643343083096435,0.734340272236481,0.6923892282808739,0.7319000473590859,0.6082306143558514,0.4491513079462067,0.5141191040380504,0.7562372091990206,0.5031980817638235,0.5905017915248905,0.7600764292552915,0.4937000953477598,0.4045701827438419,0.5179916155516436,0.32748009418864565,0.5141536041140997,0.38987463875134654,0.6900427332324998,0.43080795245216635,0.590309429980971,0.3273694039545697,0.6359216370573575,0.46985394152785637,0.41023351237220684,0.5595473742244941,0.49100824112676433,0.6884182271718283
0.7065541626538672,0.5936260385192822,0.46912849520253747,0.5899237745697739,0.5256604019608124,0.5727477829221749,0.7027753628965225,0.5768812394711615,0.507728877479615,0.5991080022548068,0.6389515890385651,0.6979100199560474,0.432733816933377,0.6168893152016444,0.5271441214174718,0.6844446417886846,0.6516058430528464,0.7461769113413753,0.7490400312375469,0.613965210641211,0.6214306072877578,0.4800600423348723,0.49307229852064105,0.588351600058922,0.48506645705856605,0.6492237493092885,0.5041067254896919,0.630095729940345,0.42801197843361094,0.49456013675722343,0.5130908502780602,0.5042546533458757,0.49861399456455047,0.5517333381329348,0.645011499328967
0.7576030470822912,0.4310441025723556,0.4590650904830924,0.6598278291603095,0.4328718396615687,0.5433574716562659,0.6849439618926842,0.4393222163813623,0.3712303178202797,0.704451540632223,0.5962570860333063,0.8465444877947347,0.4490313782065894,0.5145269319551912,0.4056900757574275,0.775225074749759,0.6227619623572369,0.6546952244454707,0.7245473883271143,0.4542832009647298,0.5600871463316838,0.4558469114900049,0.31424465824029624,0.6082109689254702,0.34458638590684904,0.7331363335558205,0.4903610914902913,0.6559948070229276,0.4777720687336571,0.6374393650288186,0.613431503556721,0.6925998518193984,0.5819345435419361,0.6486147587647324,0.824896399389782
0.7030064589063569,0.6173946982946705,0.4936392122750013,0.7807873861842584,0.5568251877327788,0.6346286853575924,0.5469496461852958,0.6762293996186601,0.6094150028483611,0.7115017840089155,0.46287089430570794,0.6089870398881818,0.364718754835922,0.6432013985157151,0.7122601346111856,0.6695688064875986,0.5692878047308517,0.7447694098995443,0.7247552723593196,0.5221817592017799,0.6394730888849751,0.521870234094862,0.585379579922524,0.6561576973777843,0.3877034343677312,0.5946400468223451,0.6760358369045794,0.6641198477886907,0.46823326971063967,0.700530591285337,0.4701958959386693,0.3097094527938597,0.5597057314300153,0.4930980676563488,0.6255174577334605
0.9172709880449007,0.3578223018895704,0.49194123234175113,0.6851616672791903,0.46820549788689003,0.44252489431625586,0.6527737955160974,0.45426970221238516,0.285167687027258,0.7727024528152369,0.6770113027671776,0.7590865880831343,0.47051515990886816,0.5638869207527339,0.4874874538049706,0.804868517252542,0.6445074637210961,0.6955594663306557,0.699494142285435,0.7328097912390019,0.29669968627248555,0.17393025871886222,0.5912576198544894,0.4949272783113692,0.4265665953147686,0.5887832967036568,0.6293002361568067,0.5005795771727983,0.5816848184938617,0.4209814729146343,0.6482112065398558,0.3642023345563656,0.6570978739625544,0.4369436557836146,0.5056680993252838
0.5024668379833567,0.5352356727985055,0.5961261436778198,0.3937673763277049,0.47568648989970314,0.5988015548278478,0.49971635476862225,0.5275525582435193,0.38341620426368583,0.4643367526201331,0.5404248401263912,0.5753147357621362,0.4515287527046796,0.6041688711849722,0.5972378407986589,0.5128832768860988,0.5436722389889634,0.7232029207368557,0.6103498095274836,0.5566035563783063,0.47081665876295675,0.6107791078654348,0.4887582896178904,0.7226422599734101,0.542286952560306,0.6081477119647548,0.48858150402882305,0.6490506708202302,0.5236626717692641,0.47836237814434635,0.6302798913763115,0.5402435504130656,0.5044397862680036,0.5762663018990505,0.633277987731216
0.5948115369542427,0.5753234564970648,0.7091554687338296,0.5649507394820086,0.6619740771976872,0.6501138524050585,0.5449545803141997,0.5021781171721394,0.4917917525158926,0.5012457691144808,0.4968490835221979,0.5777851111398418,0.484194927844261,0.558263353262826,0.5587165495878073,0.5333631729976022,0.7044431113946515,0.5886253273688167,0.7051315526548696,0.7187034451122513,0.5359840374940137,0.49438246207444025,0.4287406619927145,0.5221790072808967,0.6101760566392552,0.721857501754218,0.7330194894397699,0.5824129647778951,0.4315601230960011,0.5376935463541298,0.5374922003906935,0.5480493200246657,0.5944475979512813,0.6355576442280586,0.617149136962361
0.6508840800918142,0.4224679462449699,0.3091775390822314,0.7426438246813591,0.41229972098504797,0.4239273784012789,0.6833732735621731,0.6161979055187461,0.4333879782581578,0.5821736236973236,0.5681402909775978,0.6753667683787621,0.4336180185453431,0.6217848455174358,0.6099388949484077,0.6741236831096966,0.41428858584588113,0.6728574748789473,0.6735218371058231,0.454928600526053,0.5057377251414285,0.36541081105286016,0.28627429600372767,0.48764849025137436,0.2022400577891548,0.7536433376218704,0.5647058934672067,0.5585996210368189,0.28690525844862846,0.5855017042962152,0.3394955566698049,0.5552892775647172,0.5437309712900643,0.5648545771730075,0.6104213345808827
0.6930252720828085,0.5924988702493051,0.508888504428336,0.6476777657080462,0.5029367479479874,0.5184988471060946,0.4210204144320824,0.4593318548069376,0.6281696958399037,0.623296056734223,0.44724544650454945,0.6525403116730536,0.5277036793082729,0.4694103667709263,0.49149851663239685,0.6401433917389499,0.3805859869268732,0.5539989666431637,0.7079995854798098,0.5542539050856823,0.5029268740046126,0.6217208982737087,0.4993132989581515,0.4056045425690603,0.3786476254946518,0.6236175917172118,0.41886982417978796,0.5460698579730057,0.6256595021747352,0.5661771275916639,0.39835096789419233,0.4995263842090636,0.48819216262804604,0.6017131427488446,0.6257235904440941
0.612129098777453,0.5788908166507443,0.6177214328859091,0.5304289975802751,0.6310279816196928,0.6559901777615599,0.5737309125910381,0.5786881842883125,0.5900397415402678,0.6174671109584973,0.5524188513880713,0.5654395274357576,0.749733207386465,0.5839219146233634,0.4967161162479046,0.5347035538174884,0.6260961435112671,0.6499593501256569,0.7154389181463312,0.5831381783022769,0.5295171690585629,0.5322101890620666,0.4829729250967177,0.5408414851916015,0.5584184395055207,0.5716563505270118,0.48477236153970615,0.6395333051287688,0.4226488860709987,0.45341146075882777,0.40874498857814406,0.4092807865304148,0.46793507625107833,0.5651131151937372,0.6070226427172499
0.49755908203972105,0.4450316884977701,0.5491236012598274,0.46326430399735785,0.6508469514912077,0.5480920361874286,0.42888703774908254,0.4696524613086654,0.39732943249393055,0.46325043384029035,0.44392993892214355,0.5730138041422296,0.8287775279875701,0.3463177790194199,0.39222124957731364,0.39377123176823553,0.5513338040067577,0.418511384381697,0.6569863335258691,0.669566767263816,0.3723293255755376,0.5129503899967466,0.3883033192427772,0.42324235223587126,0.4946864075932827,0.6748096087402812,0.4560852652829357,0.5289084924803445,0.417559983130162,0.45303198075829315,0.534715948673977,0.4749970064643309,0.3448004925123138,0.5896129404186797,0.5101939645560143
0.6414082094028379,0.4621320617202508,0.44616618187930457,0.5512405090050261,0.49406648105704454,0.5811865074566829,0.5194132215628748,0.4396631150155783,0.47783341215188846,0.6776326565132609,0.5359691902469751,0.665002105814168,0.6515844145824984,0.4642157548424143,0.4049551538816363,0.6745200630832913,0.5722482686265568,0.6280429155654869,0.6985192483192446,0.5964555023457334,0.4105451456011697,0.5092571024895834,0.3634116563790839,0.47181754480004784,0.3979418407872141,0.6206739959026469,0.44127902496062954,0.689792117651627,0.5003984899837691,0.5944876059175812,0.4917882568358987,0.5571187811186137,0.5849803956782607,0.6305248361974916,0.6266937584143926
0.7296054677967355,0.6144922914288742,0.48946919986715975,0.6010074968518677,0.6498133607116935,0.5439345276714719,0.4985852443789095,0.6240107244315991,0.4060017155838358,0.596040618970112,0.6672001376343724,0.6248299090882778,0.6122161952829488,0.3116632227617491,0.3259005063089191,0.5625477654428697,0.6954848787632579,0.5382411470243975,0.7871990179522397,0.7592220578008804,0.3483282850078211,0.4173061809756473,0.47507965458368984,0.3807398691861591,0.49677027500165727,0.5229150749841915,0.3693461271552623,0.5286527797915166,0.6047928906899928,0.5337409970512925,0.5198291910559674,0.4840741146269112,0.46910011687863085,0.6160706721760203,0.6179669949141793
0.6785008084838662,0.40269723503427257,0.42288841831456114,0.5069050560986219,0.46584844883382726,0.46063855368625617,0.543527374482481,0.3945750218461641,0.332870973156704,0.6124709099168177,0.575875629918558,0.7068161612382393,0.5113476772809697,0.47877417090638064,0.44820947571933345,0.7538895593982469,0.6416903600806391,0.597124991141937,0.70076342101031,0.7696504829754727,0.4079606669979461,0.378959226404713,0.5625037542609244,0.39302543921489097,0.5143925642217848,0.6052038231477126,0.4738803492345897,0.545341630488442,0.5011991562459475,0.4852268245075383,0.6385460294972709,0.5725454556776114,0.458905591734318,0.465457332460953,0.6208907156124798
0.6632127893144124,0.6423265844912623,0.6047203339324665,0.5988508524402689,0.6700654872412863,0.7181764928572841,0.65370575957669,0.6141960165078466,0.47392868188558823,0.6042115306272859,0.6030532178698367,0.6888064123902753,0.5920606889760519,0.5933480489049835,0.5430652167082051,0.5574769765285956,0.7565899041937625,0.7058484350200123,0.7250106956503034,0.5935027471103235,0.654579753169303,0.6092332409603528,0.42951954018912686,0.6217297266786206,0.5086549734683232,0.6857125505906178,0.5718040004966095,0.6697499254457728,0.5086485367965017,0.5361005796262472,0.5027920068758434,0.4409732325855038,0.5139465893479255,0.6395732407137253,0.7258595612730571
0.6519609347265337,0.5709110592954459,0.5769323699319286,0.5739154416208574,0.5887594580210306,0.6718205692221508,0.6373313440883956,0.548889298093687,0.4217330184303728,0.5275792124621017,0.5816485334299485,0.6478576441079773,0.4937233762060269,0.5312194759980724,0.507102708080275,0.652440069822813,0.6820132667101574,0.6642518905250929,0.7440070767722771,0.5932437333142913,0.5995068935557779,0.480784797030386,0.45535371047136375,0.566679058885357,0.5124017265979939,0.6327940711700011,0.5001642118474993,0.6366034894377262,0.4460241123123078,0.4824875552403085,0.577363194638902,0.6053573178376241,0.5069253139981724,0.6223565580319828,0.7105071878313636
0.7604152589954669,0.5095248236130637,0.5329504399098028,0.6170799268882889,0.5195462828513328,0.5388353961257505,0.583509190709003,0.5046715012496898,0.41988626078326635,0.6995742056595854,0.5208674115581483,0.7326783594788304,0.3803488812651908,0.5039478442669438,0.5192186637897711,0.7202958319217267,0.5234443708793826,0.6182957993403777,0.7372590599365056,0.5783758305194608,0.5101715680744849,0.3810229119149028,0.42002692207854275,0.49185006227800143,0.40330644422229195,0.658208177122952,0.583569222806408,0.5625899747649077,0.4241661584125268,0.5074283241911942,0.4722038102997512,0.5037172254840576,0.576580240905662,0.5618049383636088,0.6488727901277467
0.6069613182585876,0.5298962670827191,0.444866034895117,0.6175867469526933,0.5251710865123668,0.5143765914384583,0.4057735512259579,0.27830162008961656,0.4659426683268506,0.45014849372000265,0.6430961135247567,0.5859034376071129,0.6210111503726667,0.25748292596445377,0.38345912396226434,0.5812660279639081,0.4962318253570783,0.5093645429433065,0.7252468077832167,0.8021444623662982,0.3217157138623365,0.42548966896701573,0.5844098718731872,0.4028233800593107,0.3842188688223799,0.5385879298952214,0.29414290686457123,0.5903824256196771,0.5291318357651156,0.682228926171903,0.4799275476674423,0.6587485327170974,0.4477789586682185,0.5535856826315004,0.5004045467041811
0.7187206889243803,0.5784202385224,0.4034938865384696,0.5832929608911797,0.4176926791976724,0.5519948987888761,0.5228984052484718,0.5270498785485531,0.4939755253602369,0.6780256149210528,0.6916740200337715,0.6527408879676937,0.6286170817116241,0.5056522520064337,0.6411506121380368,0.685890032351818,0.5171068437415575,0.7746169787990483,0.6843796739002148,0.43891555662441123,0.3218026656613709,0.6471885386008578,0.618532444494452,0.5726995310775351,0.3765520972850701,0.3325556756913206,0.42411485919531383,0.6465546583432964,0.46487408156518384,0.5875878618429408,0.6452246724104709,0.4093168709185775,0.47566844312866896,0.41785533394545354,0.5468836138956636
0.17292997228668414,0.7275384564999844,0.5956935078156731,0.4083888814320654,0.711415154377405,0.6607255874884659,0.26694249243542406,0.7142328666988056,0.5909963704380534,0.33862928113280494,0.27793053408471086,0.23639684942534156,0.31188868155990923,0.24558005659312646,0.37492483020882694,0.2708460812555637,0.3227475890429315,0.2606970985013919,0.20641718480004567,0.3712441507268345,0.6065341707755758,0.44260857841376994,0.6374708603929335,0.3247841454291656,0.6405719989503329,0.2151925501010434,0.6296635363567706,0.20229123164963742,0.638412629519637,0.30366446263310864,0.38887966020790665,0.30512574973767626,0.26152106254153584,0.331354073593909,0.34347596012995196
0.27618150794100543,0.8909980538313012,0.5452465754861733,0.5409608851484702,0.7746160836502372,0.6145459069337068,0.2963871368008049,0.7233321134542634,0.6339542081629432,0.2257941769370142,0.4696796484761688,0.10313001611405033,0.6521104965265107,0.5081564121307978,0.3713401026521891,0.08059703222048843,0.5959564881241195,0.408054388980837,0.7312334436855248,0.5413234344391631,0.48854177396922405,0.5963419135935779,0.5696578485018235,0.6100875281814417,0.3781033766898463,0.14133841225174434,0.3820392560288483,0.27941245048422936,0.46274348056340825,0.33040337254565205,0.3073936018022274,0.0932320433995637,0.19046457167137215,0.29134217068259644,0.11501775657013795
0.4641271065359879,0.06615073361449197,0.515698671503677,0.15952903119131512,0.31317970598662237,0.17314841209845416,0.28303822232221454,0.1616890386229807,0.4778505534188737,0.22077605341094025,0.08190102615374664,0.3369858251264456,0.528673708167865,0.43029662065304974,0.4209768212347046,0.8699835243539682,0.11002735526453654,0.013240581749392017,0.039550165817085994,0.003438845559350725,0.5659263075414378,0.8702195030224391,0.21710319300496175,0.4028704147935792,0.6906815127337165,0.05399068374672518,0.045637337115285684,0.016064201172047293,0.44818184047634546,0.6630954948993358,0.6748690095008281,0.6068042125519173,0.4655263816808121,0.6103884224268475,0.5885731163148611
0.36328585601823865,0.1723549377109259,0.5231487634538154,0.27680043032644264,0.3297499356639969,0.27303317120203885,0.275243861091217,0.18857248966707457,0.6074936910840854,0.28944845752856196,0.23668078482790594,0.29698554446586933,0.6577981886270741,0.5674846020944778,0.6304127828173041,0.5993836360756035,0.23967607441799788,0.04204822217230793,0.02878078990647973,0.09112373691735498,0.706066999026917,0.9017951289903092,0.37299740610977167,0.5678382152290944,0.6666021801676751,0.1281761626645798,0.16306812096147325,0.16953449879907936,0.491021128606214,0.6263732452989492,0.6254508285781557,0.48975876793871054,0.5535817347562062,0.49314502432345086,0.4559166050289333
0.054076410075704406,0.7952837143812005,0.09871398984027273,0.959213381798542,0.7348994471218397,0.8325010553826642,0.173279351239593,0.43438660000323914,0.7391795089314929,0.2886532061587766,0.3224222561101099,0.5101425741152287,0.4754927847388915,0.5359999423833001,0.9499244301079264,0.02002665967178881,0.2953970632265371,0.06952776493186441,0.04946724672860519,0.7894641849944015,0.9802564943079057,0.5549489837782906,0.9426136494405253,0.8356933541274287,0.49409524051330056,0.5014436848381219,0.9968878578390286,0.5667406779069939,0.6727644192514378,0.5850281531316626,0.7213137028252165,0.7330269841051898,0.991476550498723,0.7331215608213782,0.00019181710500033262
0.42647282845390455,0.08478277507218981,0.053847799784129464,0.011767430939664713,0.02882724561223454,0.09283680527693587,0.2607316850067923,0.00873552372472215,0.8584835834668684,0.07927841703998909,0.06863436099350002,0.049419237208278836,0.38829909071430835,0.5963542673936812,0.8231448339530585,0.7380118317488631,0.2501027444224257,0.004960138299251958,1.966429287133304e-06,0.13924536102170396,0.2598291961999399,0.5552516687050524,0.5690713435951075,0.31994499877959537,0.8956767283496356,0.4814340143343033,0.17989504004204548,0.04328500616710742,0.48044285528337977,0.618572894080232,0.832119265769806,0.8094126435189999,0.8500243678682761,0.13406823646201313,0.00019440002805215666
0.2543373935332146,0.6413110240490598,0.3608165524882012,0.5227292179844916,0.5192868881788147,0.49316655774959395,0.3353015623243013,0.49700152887727334,0.605306412540396,0.181616792295926,0.4631256991528735,0.26334022362051557,0.6015123257461773,0.4416365685393655,0.6646192022921881,0.2817554830239822,0.41436712187779123,0.1977183966500758,0.37183742903943234,0.6551171249250437,0.5462325723364627,0.35712039915680194,0.6876707841861621,0.5030807818369822,0.6057987653730681,0.3514485879083249,0.6270204433794697,0.3491455750799113,0.39531559688587037,0.4894302012030888,0.6616600513206513,0.6084357560970184,0.642060338073448,0.4467722512172051,0.15245197511739897
0.009908575513958965,0.732156905135481,0.01139964723132222,0.8633068946045672,0.40959185760643446,0.568501609979227,0.17989570293679574,0.4956441919413447,0.6699826416465108,0.07253818114165293,0.3325517049723212,0.35813062986990163,0.33778890409898943,0.4704016218702539,0.9683425485790824,0.07980166643080715,0.3631766042688661,0.05556697851953962,0.001471418781330182,0.856783704563582,0.9743863891401102,0.4832799592226372,0.9816780710391575,0.7654654517074657,0.6125804010676347,0.33877283054605,0.9972494990192244,0.47010401721456474,0.5417858882129025,0.4159220493317893,0.7651782451010238,0.7596294058554273,0.9847671336123753,0.4959095971356645,4.4522045516528966e-05
0.23657833827441066,0.7112258226370035,0.76848946539194,0.35879507181891945,0.7152837371103798,0.7307713767262208,0.36412453006690154,0.7332863611537964,0.5142811896315213,0.3604099876019253,0.3892331425548908,0.2346656866029491,0.25589315047842526,0.36139887008746246,0.37953112634101466,0.296381990014933,0.44789597359012223,0.3666454302837477,0.28618373835142397,0.4269793294857036,0.5390191352628012,0.4567364063312893,0.6744133760373471,0.33905363759165147,0.5919409820247336,0.20109046630762573,0.5840290396922729,0.19151714724507865,0.6645598554853546,0.28132800434994215,0.3974834953774556,0.2863039607069064,0.2345290760596768,0.33904368849337824,0.5319068008969107
0.10787278880563278,0.7180120567529942,0.604793204735118,0.32468854581578166,0.5604159116378115,0.7759259743313156,0.1598253352966615,0.521591978575543,0.8025254809299889,0.3113702772507921,0.5229657969566062,0.1383470543019307,0.5677116588927155,0.5504831212326433,0.643110851786022,0.11171209737769115,0.7305705015750353,0.4223324498843937,0.2708588411546322,0.6924118112756901,0.7360003927545273,0.8382390138022832,0.8553742305253257,0.6855939572174798,0.7632974669456484,0.37936323403683186,0.6450488469049919,0.3183160092436293,0.5934943553673492,0.565439738599886,0.47938597385607623,0.372527620637402,0.5474134999313595,0.4280664253008997,0.1632130995701364
0.5009406712433119,0.05604030112176132,0.5364367357973834,0.15939089524091224,0.3018962557471101,0.22377933258337154,0.3375064830614889,0.16305078323297253,0.4628163503151608,0.3225515922808839,0.1390519501116251,0.2735625297145749,0.5203762597725464,0.4287085961543769,0.4781102500078133,0.844962714353159,0.20485269470698816,0.006334067558892458,0.03731430574910028,0.017108365451455634,0.5927224153960887,0.8528469383312504,0.36989426359200533,0.3932974367804052,0.7689342699948937,0.030383752110558836,0.1430376012634741,0.0070054226743016855,0.5350712097926584,0.6109220224453651,0.7356891794204415,0.6327895822467909,0.394450336722682,0.5241754246063052,0.4519535933587185
0.47477383565892234,0.16321912453968437,0.6470905598966479,0.2874122168505863,0.5048459066163592,0.35581989277307313,0.3161772187988013,0.23676121205249523,0.5626490379540677,0.34772246809498486,0.19397852752604172,0.286627844852592,0.6493729694613165,0.5489793294250829,0.5865596898175303,0.7136363239838385,0.2253445689105392,0.06862930760612086,0.05368945310766774,0.0760298345503703,0.8363665112629196,0.914636607048254,0.32552787023434154,0.5114164908534308,0.7120654283878833,0.06628440522292149,0.13309504300855346,0.09499500317844804,0.5543556833658166,0.6308635255955602,0.7575169487547648,0.6157891040439968,0.4330812059988138,0.6521393743576822,0.5816299306422784
0.05456186061211984,0.7575661197142297,0.4138482396152317,0.6447862911644645,0.6657620460817484,0.8485039865897207,0.16081949115907399,0.5757823197305297,0.7570634317720325,0.34745538422846717,0.5735561650383713,0.3714628905458633,0.5340047156419719,0.6756574250508883,0.8699024042899649,0.03146644490791146,0.7339086702371995,0.14293867573799152,0.08146149008870252,0.7381282523842755,0.9446389017554213,0.6611277403274981,0.8423531876279987,0.6895344105005966,0.6805454808297382,0.4105887048426509,0.8277989963360599,0.5673973901615258,0.4906902779883282,0.4348772268656061,0.5599119618669074,0.47726395933245075,0.8935979171679166,0.7013300379281828,0.04916452780051441
0.25879353772052166,0.22239321646743293,0.3925128601370677,0.07573587650189677,0.14045218932721806,0.40817865126661323,0.17567105701406568,0.1642037365211802,0.7972084692585915,0.2737777570081074,0.42358915604202085,0.024095849856655555,0.45091973184538253,0.6165267308940915,0.723047963196893,0.5078221933657189,0.43429799524513024,0.04265723654197662,0.0017065322467396437,0.17156514740150638,0.4528655846798016,0.7269266204922591,0.7315612476996591,0.48568085604395367,0.6933768965808359,0.2790207588742991,0.40517885612515947,0.19435778577647478,0.5169455175522147,0.5484858470112755,0.6404555595839955,0.5483513688721718,0.6646554497329462,0.13304204050027055,0.029510283386741207
0.1331932081901183,0.6034906165325471,0.3083798160993492,0.5204643131155325,0.42084244056812264,0.48602507463713707,0.22983429822776288,0.4195516053744155,0.6203422081991273,0.13734206086276807,0.41318684532207905,0.21592481311572279,0.5362961373881876,0.5198356019060145,0.789128465444401,0.26483293121599605,0.5968829297666871,0.1330043223253988,0.18929047429097778,0.6738659034712818,0.6899127495049212,0.48942605824563296,0.853807037903567,0.5800347928143029,0.5841947443004883,0.2813729259152125,0.6740955562592253,0.31536566963081397,0.5162253231338533,0.4798096266999319,0.6698386398826005,0.6292445417875812,0.7674110486378324,0.39544737918619904,0.06837475780855565
0.01257537561704522,0.7546351578570795,0.1659218707602804,0.76926619040667,0.5697721849696418,0.7192491653930615,0.11489869934730423,0.4348049616301992,0.638146709991933,0.10543774780271255,0.3849641210825978,0.36770361381604993,0.3981818187658093,0.5239808019533702,0.9515536872063141,0.04554927369367118,0.6273786493564811,0.08200638953599847,0.04649045420968168,0.8609526440892062,0.9533504115432331,0.5718730344656806,0.9549543645413431,0.7539030381018831,0.6071983698771233,0.4882211258255393,0.9284209728726855,0.6384634639460812,0.43628083885862884,0.5080785317419495,0.7472206023958,0.7478072560161366,0.9749303323706008,0.6773057402158001,0.01709488112312169
