5HT1a,5HT1b,5HT2a,5HT4,5HT6,5HTT,a4b2,CB1,D1,D2,DAT,FDOPA,GABAa,H3,M1,mGluR5,MU,NET,NMDA,VAChT,SV2a
2.1626914107719823,-2.032150996902979,-0.2641676962375641,-0.3052736520767212,-0.9546973705291748,-0.1512208763324533,-0.4965181350708008,-0.15390856564044952,0.010746901522684756,-0.16638623178005219,0.18260749524499503,0.17983233251118463,-0.21808484686230906,-0.5686792731285095,-0.9506255388259888,-0.5980200000831777,-0.5182625031782894,-0.8699290045449468,-0.6296666850954092,-0.3464353084564209,-0.5794389247894287
-0.10445481413024088,-0.489757073094211,0.619941234588623,-0.29945632815361023,-0.3789888918399811,-0.3366402704410626,-0.2540585696697235,-0.18416117131710052,-0.22529603703336837,-0.4457007348537445,-0.0767262200391513,-0.08574934607351742,1.7679250795658596,-0.5298557281494141,-0.8880088329315186,-0.982133254876421,-1.3458754117897076,-0.2756648632879682,0.4679303296715712,-0.4304879605770111,0.20786680281162262
-0.028514902251486098,-0.45447175216971014,0.5146322250366211,-0.32574227452278137,-0.7223469018936157,-0.18875626789125696,-0.46956580877304077,-0.8730708360671997,0.15678586018654966,-0.4506703317165375,-0.0245693953411272,-0.10941297372818361,1.8880031257206042,-0.6854501366615295,-1.0724318027496338,-0.600219781965662,-1.2073470219363858,-0.613722058900974,0.8151711075748995,-0.39977002143859863,-0.17345984280109406
-1.3538166648954186,-0.857495213250343,-0.052628569304943085,-0.5261827707290649,-1.0511735677719116,-0.502372147175699,-1.0596975088119507,-0.7794196605682373,-0.9932924147654436,-0.5430971384048462,-0.8268162586052293,-0.7496914916978948,-0.15035590158505,-0.7445483803749084,-0.3077602982521057,-1.8686915009722505,-1.7957304246154722,-0.736139432593794,-2.340388990777231,-0.5903589129447937,-0.808921217918396
-1.0171791690317888,1.306923884773504,0.9855685234069824,-0.5231889486312866,-0.43033549189567566,-0.1965238663532947,-1.3078855276107788,-1.5316332578659058,-0.3537372873375508,-0.662899374961853,-0.3004257754692334,-0.29347200689628705,2.6508614841596745,-0.6503522396087646,-0.13160210847854614,-1.1293753610778097,-1.934010651226004,-0.8205899799241577,0.08433014316597097,-0.5580434203147888,-1.0063649415969849
-0.6171018107336305,1.6030448579439855,0.7673906683921814,-0.4185805916786194,0.1708022654056549,-0.036595712809887986,-0.6395202875137329,-1.8108717203140259,0.12539909421985848,-0.5254482626914978,-0.010145035654353816,-0.09296348347902808,2.5767327333269545,-0.6075040102005005,0.26775771379470825,-0.2378562118863915,-1.6589469700258865,-0.21743484786226858,0.6845618304452272,-0.3708961308002472,0.27278798818588257
0.17784635621656647,-0.12235740862889811,0.9787147045135498,-0.11983098089694977,0.2613140046596527,-0.36045328144613786,-0.45618948340415955,-0.18829040229320526,-0.5077834129118468,-0.2761506736278534,-0.5334932915024697,-0.34616853333500586,0.662223474777248,-0.6480030417442322,0.1837335079908371,0.37347957520267194,-0.560771705552246,-0.23670080378426364,-0.7289569976745258,-0.3552686274051666,0.1985578089952469
-0.8713866919213756,-0.1868227178134811,0.10617367923259735,-0.3591013550758362,-0.42648082971572876,-0.47035429023467895,-0.5719410181045532,-0.3882395327091217,-0.7496837342169591,-0.4307210445404053,-0.7230789951407557,-0.7466240137178088,0.21974802197812082,-0.7251296043395996,0.1886691451072693,-0.6710552964381943,-1.3772168863061822,-0.10866726770924669,-1.215741076912313,-0.44630399346351624,0.1466355323791504
-0.47383142801076344,0.13977753529265105,0.038988810032606125,-0.44142645597457886,0.19773992896080017,-0.2763409744253782,-0.6692391037940979,-1.1713309288024902,-0.36472441849574067,-0.4870932698249817,-0.37605153882649683,-0.3512956571167407,1.583820925141586,-0.6353405117988586,0.2921457290649414,-0.009799931233075177,-1.592652790798635,0.11174790390578887,0.047932822637350485,-0.45074525475502014,0.16124354302883148
0.4075220130737603,-0.08620408524322053,1.0377320051193237,-0.11674776673316956,0.41214561462402344,-0.1281367860381803,-0.2648707330226898,0.06868244707584381,-0.3359748984128825,-0.20460642874240875,-0.2101495515094148,-0.09577250812082574,0.9342849623636286,-0.11583048105239868,0.08272125571966171,0.6693357943526347,-0.4813234051690445,0.5095811358801393,0.1830764586962293,-0.09704044461250305,-0.13652288913726807
0.32338935599213103,-0.692076446527707,0.02338157594203949,-0.32715341448783875,-0.1099148616194725,0.187391269461029,0.0601835772395134,-1.2373452186584473,0.19541248050082624,-0.19733168184757233,0.2928109565798391,0.13772401067915435,0.18939946063156637,-0.49529340863227844,-0.6532403826713562,0.6543799726181145,-0.14243166009765393,0.26714068686838416,0.9411095901264244,0.11326833069324493,-1.4525980949401855
0.7571887352731342,0.7595281453080436,0.14084920287132263,-0.25087276101112366,0.7253282070159912,-0.30434718293235485,-0.06783372163772583,1.0499699115753174,-0.250576523140832,-0.1934005320072174,-0.23112697625711354,-0.08167327771588512,-0.2555354436184455,0.091465063393116,0.5741413235664368,1.6672768498566106,0.16941068148611457,1.1860476674566132,-0.2866145934698518,-0.11194654554128647,1.0628284215927124
-0.5141581768728706,0.5367796754254551,-0.6516906023025513,-0.5410208106040955,-0.261890172958374,-0.46926037045046115,0.22097338736057281,0.24104610085487366,-0.8198773039753718,-0.4074699878692627,-0.4917852231275805,-0.4646069163414646,-0.30644395162819243,-0.2746373414993286,-0.11811963468790054,-0.32012868972491465,-0.719411219547657,1.4552145281623587,-0.9663090425914321,-0.15365421772003174,-0.3244382441043854
-0.9897324794124218,-0.5361356648268508,-1.2540245056152344,-0.6748787760734558,-0.9265850186347961,-0.5198194946816227,-0.29136383533477783,-0.46731293201446533,-0.9360672690363518,-0.4998420178890228,-0.7262283582840972,-0.9146108339120927,-0.7519253887023015,-0.6280310153961182,-0.6306970119476318,-1.188237416968522,-1.098456855147261,0.8193810490288965,-1.1586863935356149,-0.27299419045448303,-0.7476327419281006
-0.6104280614192387,-0.4993546800150353,-1.0438979864120483,-0.6156956553459167,-0.6605507731437683,-0.4020619231825357,-0.2848908305168152,-0.5130090117454529,-0.6762880563765431,-0.5216777324676514,-0.5503145601406426,-0.5575312782815289,-0.5027019814171049,-0.12263844907283783,-0.3849407136440277,-0.6949386405631162,-0.6108959477547105,1.7243037463098339,-0.5839210236430601,-0.15721893310546875,-0.1971561312675476
0.8691167823964495,-0.6434330034869444,1.3025859594345093,0.004460739437490702,0.2876433730125427,-0.38095169658573663,-0.3870757520198822,0.18092235922813416,-0.22814499808186472,-0.12296546250581741,-0.2509697791401249,0.024247666647861824,0.5481911721887486,-0.5667296051979065,-0.08721684664487839,0.0017894064461213997,-0.2138310250152518,-0.24351077902828672,-0.2097163019538967,-0.40340620279312134,0.5499646067619324
-0.16989864306443414,0.1109037622464176,0.059091966599226,-0.2694132924079895,-0.3713305592536926,-0.4802699117368893,-0.17344869673252106,0.9332655072212219,-0.7153823028058686,-0.2860061824321747,-0.7172421977465245,-0.6096578266928914,-0.04714562633304871,-0.5075936317443848,0.08154808729887009,0.21067226337767486,-0.16378794659587165,0.16631271963174515,-1.4748551414238105,-0.3415403366088867,0.44046205282211304
-0.5857794769521553,-0.4084125435836634,-0.5439314246177673,-0.4426400661468506,-0.3923082649707794,-0.6130246512554498,-0.4488515257835388,-0.3317566215991974,-0.6586563110106305,-0.41500696539878845,-0.803711081352238,-0.6883080489211684,-0.5084843981469995,-0.658583402633667,-0.05473758652806282,-0.41798459345746786,-0.7845028147461044,-0.472395686446305,-1.2301302462815993,-0.46096357703208923,0.17843374609947205
0.08985074781015567,-0.19135027257181791,-1.2007733583450317,-0.5729349851608276,-0.026617441326379776,-0.5667290605137086,-0.20958563685417175,-0.2376304417848587,-0.40797213013316513,-0.3103647828102112,-0.39102435496341686,-0.3729132864497019,-0.5018823478318187,-0.6111679673194885,0.004580057691782713,-0.13553116751252448,-0.23743351746680544,0.12633854511556128,-0.15197033010494962,-0.3746596574783325,-0.046619147062301636
0.07884125797791484,-0.5075955637825298,0.01841176301240921,-0.3012334406375885,-0.018343351781368256,-0.5331247596352459,-0.44980302453041077,-0.011382127180695534,-0.3183760175990975,-0.39058518409729004,-0.5685502053293194,-0.30200653844213327,0.17206811464257288,-0.2944197654724121,0.3405369222164154,0.49029118320726656,-0.2508623276008833,-0.0745266712909759,0.22555063191699176,-0.3693711757659912,1.045189380645752
-0.682102595756165,-0.9232981220607915,-0.6525925397872925,-0.46037301421165466,-0.731727659702301,-0.5765413897222111,-0.5945560336112976,-0.3494035303592682,-0.878278639680559,-0.44060805439949036,-0.9945172650475829,-1.0525389305469062,-0.7953986721802344,-0.6104391813278198,-0.18531106412410736,-0.6998422002972496,-0.6193137684695955,-0.41681629749984395,-1.11452804118948,-0.4511497914791107,0.05315316468477249
0.12416100231223763,0.9189206220883865,0.4003143608570099,-0.3302737772464752,0.26837337017059326,-0.47275779029703086,0.2825942039489746,-0.10355370491743088,-0.45180937247429925,-0.4128025770187378,-0.3026604585596773,-0.2819798253589206,0.3460681450433435,-0.26427894830703735,-0.38830146193504333,0.3823017800511023,0.1797000692351846,0.29955686584599084,-0.23549505536392898,-0.2389356642961502,-1.3372400999069214
-0.246806752007412,0.2846388087074049,0.018986381590366364,-0.456486314535141,-0.17361213266849518,-0.5636961884795572,0.1591147929430008,-0.5195987224578857,-0.5862227967454423,-0.4901089072227478,-0.554631028438222,-0.5449428276427826,-0.050921654297258125,-0.18904264271259308,-0.7418727874755859,-0.359974761877032,-0.011385614423022597,0.22873925953567642,-0.3427001266961993,-0.30065152049064636,-1.4415147304534912
0.025704888414824042,0.27254394333217025,0.3534022569656372,-0.1931334286928177,-0.12670867145061493,-0.5027758235221983,-0.30454474687576294,0.9293635487556458,-0.6048369630565499,-0.24144282937049866,-0.6191450032718826,-0.4354879610397084,-0.478281923355105,-0.46087926626205444,0.17140302062034607,0.8841300788097171,0.017908706880835287,-0.166116461485804,-1.328306507164654,-0.3436466157436371,0.5445736050605774
2.0520974687169806,-0.561963459915034,0.1556776463985443,-0.12235017120838165,0.889033317565918,0.3348724830619578,-0.5370701551437378,1.3703988790512085,0.23629393881658564,0.39467111229896545,0.29959263573223543,0.4042456507884295,0.14253313317516036,0.5297603011131287,0.4039664566516876,0.40319821105819886,0.5487359252663226,-0.12588242525118626,0.2553847093888677,0.05317037180066109,-0.20972640812397003
1.121479232694009,0.6413978825243164,0.49503329396247864,-0.22139492630958557,1.242041826248169,-0.14358415470519043,0.10758589953184128,0.6299416422843933,0.26069030611243266,0.1745937317609787,0.3976997000829337,0.38613635924474005,0.10080572979336426,0.3313594162464142,0.24180424213409424,1.7365625977076165,0.8561952335930268,0.017951474998617715,1.254368241600485,0.03143644332885742,0.5357376337051392
0.4371112977204661,1.1661851938608014,0.6667335033416748,-0.24109290540218353,0.5636751055717468,-0.42680831107089773,0.3800937533378601,1.09471595287323,-0.3827328771951979,-0.3317648470401764,-0.572211928800669,-0.4442222237201863,0.618621071962173,-0.07147735357284546,0.26403549313545227,0.6571153143028712,0.5266034754319894,-0.009761966288664204,-0.6654763732313953,-0.33527806401252747,0.13310638070106506
0.292619626951403,0.5299564742578106,-0.21554507315158844,-0.4152919352054596,0.10541431605815887,-0.2746264895343663,0.14370237290859222,0.6324360370635986,0.09603949376852604,-0.28344404697418213,0.01921698854609353,0.3990043876437651,-0.30559558049310637,0.7384806871414185,-0.2583082616329193,0.7878932264497562,0.8086267926014169,0.2581791918135222,-0.046645698234476035,-0.029904423281550407,0.19972138106822968
-0.04849844566262093,-0.3663330057279551,-0.7006976008415222,-0.4778897762298584,0.119255430996418,-0.40994971344208375,0.028574742376804352,0.05566960200667381,-0.0584925356846961,-0.4069351553916931,0.024625552882200887,0.000923599958754765,-0.4746642892493687,-0.03819400817155838,-0.13235802948474884,0.58708820208773,-0.009327642114102237,0.553282427613049,0.18457684359073553,-0.12667852640151978,0.26470115780830383
-0.07374365606536792,0.3194719070323167,0.7464504837989807,-0.3160698115825653,-0.14569640159606934,-0.44627691262587166,0.07025224715471268,-0.11373284459114075,-0.4969035014633745,-0.43364185094833374,-0.5891063111428714,-0.49409206989722193,0.1957053694457514,0.5384169220924377,-0.1632208675146103,-0.03882940780580047,0.23592624490541012,0.6765226445497496,-0.22511038443508896,-0.23189124464988708,0.16889120638370514
0.7205284538793069,-0.13142174420691052,0.9357969760894775,-0.15951241552829742,-0.3916371464729309,-0.18042697326839313,-0.389999121427536,0.6691364645957947,0.33535623188792923,-0.181291863322258,-0.004114256347223669,-0.11715055372343934,-0.1782094357609668,0.14733390510082245,0.009257454425096512,0.1594658650467452,0.7431823798833678,-1.1121386139175022,0.2446934308087188,-0.2015904039144516,0.2547007203102112
1.7414948573235038,-1.8208162244297137,1.1574565172195435,0.2191881239414215,-0.7493378520011902,0.20546481620838905,-1.291798710823059,0.7133241891860962,-0.20565139096867954,0.09014887362718582,-0.06338005774903599,0.15645500379537255,-0.9449554506894178,-0.6121116280555725,-0.19125092029571533,-0.750364174239415,0.23995217150494313,-1.8240975628030143,-0.15606736038860933,-0.391539603471756,-0.8299226760864258
1.088370334329599,-0.5944738387918106,1.8456960916519165,0.15059371292591095,0.4857446551322937,-0.432716530208495,-0.47766822576522827,0.45808178186416626,-0.27435373842730354,0.11936306208372116,-0.3045670297066225,0.05594388981295422,-0.05794679827920419,-0.6469303965568542,0.3376242518424988,-0.10012812406705726,0.1170531236961217,-0.542837517226699,-0.6239918080769027,-0.41592687368392944,0.5526604056358337
-0.1358292829292897,0.010447321900316598,0.2579466998577118,-0.29113492369651794,0.04902016744017601,-0.5851612336470314,-0.18783889710903168,-0.07766785472631454,-0.4146567328838342,-0.32972031831741333,-0.576992251917224,-0.6194056587500009,0.43806761581996734,-0.561684787273407,0.08059292286634445,0.017407965294423764,-0.3144578240054684,-0.19206483277661154,-0.24137421085333505,-0.4210496246814728,-0.19145917892456055
0.12061771870541432,1.323205622082268,0.09207306802272797,-0.37395191192626953,0.6303802132606506,-0.46078076643397187,0.43296220898628235,0.7482540607452393,-0.31972316100737436,-0.360453724861145,-0.4271228437203106,-0.2449279995323466,0.0003540526060249662,-0.2079007476568222,0.11615326255559921,0.6151462628138517,0.30942571586917783,0.3236778297332504,-0.5049097908648306,-0.29964205622673035,-0.5242791771888733
-0.2029183415790061,0.12146869140614962,0.002841843757778406,-0.33733275532722473,0.38300377130508423,-0.4594248823966993,-0.33530306816101074,-0.49410152435302734,-0.2988331156306636,-0.41393324732780457,-0.36295611803743516,-0.1628236731271232,0.6500490165314387,-0.3084146976470947,0.4107646644115448,0.5379825560340418,-0.910687386476682,0.24955610549344603,0.35054319876324225,-0.3898572623729706,1.1555684804916382
0.08917753066282959,-0.5574496558072052,-0.003410697914659977,-0.37808752059936523,-0.5403793454170227,-0.20642294211220333,-0.21219447255134583,-0.9501073956489563,0.08268473582967949,-0.49333465099334717,0.07922559574437987,0.09546101141704631,0.33431260103124927,-0.4139227569103241,-0.7149955034255981,0.09663793998580239,-0.22684730729031813,-0.4490947844574736,-0.17137499499369557,-0.08306730538606644,-0.8888437747955322
1.1543896313813409,-0.7357037972314522,1.4904823303222656,0.13400669395923615,0.9296565651893616,-0.3200010749266385,-0.5326718091964722,1.0557719469070435,-0.13901178959786828,0.16759392619132996,-0.28037931742303274,0.23743732641429968,-0.09291033558871377,-0.4893834888935089,0.37728410959243774,0.33276642250769595,0.20489686024545653,-0.40154929006498397,-0.08431787422652401,-0.3045516908168793,0.5083665251731873
0.7004488505477614,0.1964420942381491,0.8474656343460083,-0.09541834890842438,0.9861000776290894,-0.41037618100479273,-0.1979755014181137,0.35471829771995544,-0.25968676289273523,0.0308559350669384,-0.20189666595243638,0.029140532432382623,0.14408841527116792,-0.4011748135089874,0.3903067111968994,0.6182049479802875,-0.02594933244832418,0.14567947045612079,0.35642097656127175,-0.246427983045578,0.4515939950942993
0.28344339250170497,0.12127317963213087,1.0146268606185913,-0.04898593947291374,0.5767505168914795,-0.3747417394484194,-0.2318902611732483,0.4669170677661896,-0.4743305497081903,-0.12074369192123413,-0.44372762642657226,-0.23044601747223703,0.20523487265619353,-0.3647029399871826,0.403241366147995,0.8509026912966725,-0.17428092787672766,-0.041624570347386015,-0.5708009886690053,-0.322855681180954,0.8014567494392395
-0.45712775205830297,-0.2601601678807674,0.6734362840652466,-0.09777871519327164,-0.3324735164642334,-0.5189999226779672,-0.5331040620803833,0.5772517323493958,-0.678537962581088,-0.3051041066646576,-0.8918092018801304,-0.7718979181988107,-0.23232414688207406,-0.6802845001220703,-0.06396527588367462,0.4066652331236968,-0.37504786125187756,-0.8824281161413489,-1.5554028305613445,-0.42192426323890686,0.2649887502193451
1.053235921312935,0.3329647594873178,0.7233288884162903,-0.19126181304454803,0.6336897611618042,0.0260357104582514,-0.17389816045761108,0.6740038990974426,0.24189784892487887,0.05335275083780289,0.1446546706826904,0.16344145090407494,0.029082915475601257,0.33477267622947693,0.026085680350661278,0.7521571698212463,0.7310508727168542,-0.541758312197186,0.368699650773509,-0.20823787152767181,0.09931943565607071
-0.08993874743185974,0.7292720391193381,1.1046777963638306,-0.17427772283554077,0.617525577545166,-0.3751937165065072,0.32116690278053284,1.1313053369522095,-0.3357545400582761,-0.3023625910282135,-0.5238442851784124,-0.40895659567780723,-0.5985506830561512,-0.031662095338106155,0.36950767040252686,0.3693988427547613,0.0740055001324888,0.142292169738749,-0.8656574827946332,-0.3179439604282379,0.5442172884941101
0.9321728869076517,0.5166861734402167,0.0899830237030983,-0.33847904205322266,0.6287956833839417,-0.28239027645029324,-0.17201702296733856,1.1498775482177734,0.364949936148982,-0.2241664081811905,-0.0379806037049844,0.3478519736291629,0.49566109809885184,0.8021729588508606,0.16436560451984406,1.1615557808998729,0.8780374884786211,-0.222650166603486,0.25852671504900043,-0.22061198949813843,0.9924007654190063
0.4151534668449446,0.679322705191124,0.8766895532608032,-0.1916579306125641,-0.1198076531291008,-0.37639111825302585,0.08960094302892685,0.9779468178749084,-0.11474095467652881,-0.3360298275947571,-0.7710278520988435,-1.0326932598888188,0.05765829746037159,-0.2499946653842926,0.17955246567726135,-0.010412774899142791,0.27559015922262975,-0.6675198749895637,-1.5214512863182101,-0.3438684046268463,0.3653091788291931
0.08130644447515681,0.3892835350393172,1.253575325012207,-0.17085933685302734,0.2012999951839447,-0.47077185640006436,0.10720716416835785,0.5365546941757202,-0.6237548486432065,-0.37387582659721375,-0.8411249011082311,-0.9203988518821195,-0.1189488958046952,0.2356850504875183,0.15468715131282806,0.016621668164130368,0.21071201846285814,-0.720533734491786,-1.1253084573738845,-0.46979162096977234,0.4028981924057007
-0.4809835122768815,0.49069174294197937,0.6174346208572388,-0.3216792643070221,0.3904080390930176,-0.5468266092312223,0.5052077174186707,0.45824936032295227,-0.8100757976708471,-0.43337035179138184,-0.7793990921018946,-0.8136768660191624,-0.311358606286205,0.04790442809462547,0.12476902455091476,-0.15251116557001096,-0.10292412523772383,-0.1397036461789296,-2.0119117119367544,-0.42757314443588257,0.21094445884227753
0.006079672012295677,0.6767101814164637,0.293694406747818,-0.3854316473007202,0.2769998610019684,-0.5803898580122494,0.23519794642925262,-0.0543576255440712,-0.4880982838165296,-0.43952909111976624,-0.5294107426257854,-0.5642140963238621,0.23978275544020766,-0.05546684190630913,-0.2662973701953888,0.014002959043350156,0.3119520634019173,-0.38839945581585816,-0.19718907475178316,-0.4142149090766907,-0.7503151893615723
-0.23582131475910686,-0.3103698246582931,0.44881686568260193,-0.24932031333446503,-0.4479544758796692,-0.21170845766935392,-0.786881148815155,-1.2839933633804321,0.2870473147407923,-0.5088396668434143,-0.018471610687032253,-0.11531696588885644,0.6794367153855995,-0.38076770305633545,-0.24930743873119354,-0.19575988313310325,-0.9029873481857119,-0.7874752608029392,0.8573899893379138,-0.3655771017074585,0.2550313472747803
0.2656987845329893,0.24709009846323113,0.49387556314468384,-0.2414887249469757,0.9935088157653809,-0.3170436296776802,0.03301258757710457,0.08727222681045532,0.3379858155027687,-0.3711284101009369,0.02243299173254165,0.16971409012730704,0.9323318269706031,0.004803007002919912,0.6379966735839844,1.3236104340727461,-0.17052523958749574,0.2985917843627924,1.045147834314091,-0.23382391035556793,1.4774749279022217
1.8754353427646586,-1.6544917313509082,-0.9999406933784485,-0.47481563687324524,-0.39486613869667053,-0.3413734912460536,-0.38921234011650085,0.17177243530750275,0.041233689418421225,-0.043470390141010284,0.07227248017432876,0.3160581715476975,-1.1998348515305992,-0.4995878040790558,-0.6167227029800415,-0.609753131028832,-0.41942520152263596,-0.8212131519024795,-0.6335964749318587,-0.37253591418266296,0.1376507431268692
0.11368263739221243,-0.4282309670616117,0.23804742097854614,-0.3497854471206665,-0.0027517364360392094,-0.3811093938604601,-0.07891204953193665,-0.20379354059696198,-0.012592741484885884,-0.2881183922290802,-0.02036932569342891,-0.12124660599772544,1.444934350954333,-0.4121209979057312,-0.41111674904823303,-0.5362642442492505,-1.025873355196361,-0.01984269365531635,0.6312343478867013,-0.40577900409698486,0.8952651023864746
0.6341976929898248,-0.321350598981062,0.8548607230186462,-0.1439070999622345,-0.0914105549454689,-0.43394431767702235,-0.579284131526947,-0.1055278405547142,-0.2776586627186696,-0.1213284581899643,-0.235619238709803,-0.06786075591493693,0.39326472588963807,-0.5831432938575745,0.29987820982933044,-0.03308936451544022,-0.43675112788221043,-0.09953378215972745,-0.344181422672509,-0.4074782133102417,0.4636692702770233
-1.201386034058739,0.12798480355116848,0.18395742774009705,-0.534616231918335,-1.227443814277649,-0.45374609513145026,-1.0725369453430176,-1.2031669616699219,-0.8244701031370912,-0.5561653971672058,-0.6400920612624513,-0.6135454983707785,0.2328320174002892,-0.750105082988739,-0.0796656534075737,-1.651291733635885,-1.8612501911279125,-0.7491269515561124,-1.5626454356706068,-0.5320925116539001,-0.5128770470619202
-0.7034926889351147,2.6526884685147074,1.4055458307266235,-0.40038537979125977,0.5093430280685425,-0.001449010530565094,-0.530130922794342,-1.8185832500457764,0.1355484170371041,-0.5371506214141846,-0.06489722736037314,-0.0075168019320133676,3.8201394402926714,-0.4703662693500519,0.6189910173416138,-0.2865232634288465,-1.9017233439554435,0.011120950164264025,0.840634529744414,-0.40974944829940796,0.6878415942192078
-0.25456959902658105,-0.5643288248729438,0.0002457450027577579,-0.454028844833374,-0.4137796461582184,-0.13993013391488723,-0.5206648111343384,-1.5754529237747192,-0.12987308035651418,-0.507725179195404,-0.05787066566816318,-0.16904940839350538,1.171568105639789,-0.5596262812614441,-0.5668786764144897,-0.6242988751405367,-1.4162922632240056,-0.6737754470337296,0.2011542847757523,-0.43011870980262756,-0.2789648175239563
-0.3369003642223889,0.3102607048040943,0.5024229288101196,-0.24140921235084534,-0.5908353924751282,-0.4616929212171142,-0.4881975054740906,-0.6006061434745789,-0.6101842790158891,-0.38605189323425293,-0.4889237378724604,-0.516918449201378,0.7118565080930416,-0.6538911461830139,0.3902370035648346,-0.24193952222960216,-1.1657739753116598,-0.15202232443871636,-0.553378991238873,-0.402866929769516,0.2409261167049408
-0.9129900458883111,-0.12358499381839497,-0.2065802365541458,-0.4673897624015808,-0.6076008081436157,-0.40056112204915356,-0.8060008883476257,-0.999452531337738,-0.659887543323665,-0.4882545471191406,-0.7097626502679836,-0.6735756818985407,0.471006574719455,-0.8275519013404846,0.13378702104091644,-0.5356684611755826,-1.6847677899802305,-0.3484584281040698,-1.214181481258267,-0.4454838037490845,-0.009758209809660912
0.606165026624335,0.020995920323846076,0.7457326650619507,-0.18820787966251373,0.2102668732404709,-0.12782265706254894,-0.1985114961862564,0.16580581665039062,-0.03165891537064206,-0.14484356343746185,-0.045469548615824605,-0.10477490561160555,0.713742781278223,0.08492341637611389,0.6240602135658264,0.9403454114295609,-0.42052059367205263,0.924786592425392,0.39826183865495496,-0.07707452028989792,0.7464961409568787
0.45062775559277024,-0.2756139377524728,-0.06360093504190445,-0.2921218276023865,0.5408532619476318,0.13351007390971575,0.14378659427165985,-0.22611156105995178,0.4321339802034786,-0.039259202778339386,0.41727245969174864,0.2580635710803252,0.5411779123243743,0.04748149216175079,0.2678607106208801,1.4257355897863708,0.14556426007131465,1.1432412552834796,0.8716841240661012,0.13377231359481812,0.8031958937644958
0.7403102089732534,0.6025663082273774,0.3772747218608856,-0.21282120048999786,0.46586915850639343,-0.31307928143425373,-0.002568348776549101,1.0377713441848755,-0.072942254056875,-0.1987924575805664,-0.10847451849929594,-0.16793165760315587,-0.3530915324570325,0.24759773910045624,0.7712178826332092,1.6679321597617767,0.1622288327225306,1.506917675752588,-0.27869201030261537,-0.12031977623701096,1.416918158531189
-0.35282202952004094,0.6851605100759154,-0.5782034397125244,-0.52452552318573,-0.5755277276039124,-0.48821608137594497,0.04698729142546654,-0.1735316812992096,-0.6246417496602099,-0.4511886239051819,-0.31651235671464945,-0.469430908000472,-0.27905054676173724,-0.16560125350952148,-0.07684065401554108,-0.056111047537344694,-0.6225776864267953,1.511738956108197,-0.509921995776813,-0.15827833116054535,-0.07707611471414566
-0.5947041784161999,0.5735147142383709,-0.7812706828117371,-0.6096310615539551,-0.6023865342140198,-0.511305286612625,0.28670868277549744,-0.8265953660011292,-0.6196146962356337,-0.4864419400691986,-0.3545483111285908,-0.60827119228588,-0.456712120790089,-0.29234370589256287,-0.42834585905075073,-0.6329447331484988,-0.7972369620016678,1.3884444534398444,-0.2314452609427669,-0.17095668613910675,-0.19880416989326477
-0.9837504690368447,-0.4070956707760869,-1.2404295206069946,-0.6660358905792236,-1.2032350301742554,-0.5271808884061672,-0.35155531764030457,-0.9356869459152222,-0.8494961191008684,-0.5431575179100037,-0.6678836198817008,-0.99926064527811,-0.8414793640436874,-0.5470343232154846,-0.6400480270385742,-1.3692337674956578,-1.0876442059650087,1.0073351987885164,-0.8234132335582259,-0.310738742351532,-0.6808821558952332
-0.5869188637265771,-0.5603621679875861,-1.1553515195846558,-0.5810048580169678,-0.5660097599029541,-0.5729658374570866,-0.32585275173187256,-0.9375757575035095,-0.7315092343323863,-0.4823285937309265,-0.7168807915544554,-0.8915473987308347,-0.8650466459655057,-0.44395211338996887,-0.29737794399261475,-1.0028516488418455,-0.83798271187188,0.8771946253894605,-1.0003236799674586,-0.40898796916007996,-0.23364798724651337
-0.5813901613504361,-0.451069834361069,-1.0198636054992676,-0.6148027777671814,-0.6443665623664856,-0.38675368738546334,-0.09015928208827972,-0.7261499166488647,-0.669025532481403,-0.5264405608177185,-0.5858074849362457,-0.6319279488707669,-0.6380408733446644,-0.07077069580554962,-0.5344648361206055,-0.9496210777194302,-0.6273229141423468,1.8744921127559602,-0.5474161260748784,-0.1652192771434784,-0.5204092860221863
0.34027124381848983,0.2799517497746822,1.208215594291687,-0.006623300723731518,-0.2177748829126358,-0.4133001652338598,-0.5059158802032471,-0.02566993609070778,-0.27915721979855307,-0.22617082297801971,-0.3546041270922567,-0.3363281626721208,0.9023630268491254,-0.43150794506073,0.5560774207115173,0.8760243223004219,-0.20303060549423804,-0.13918249254718795,-0.3846391496120596,-0.33554649353027344,0.6037158370018005
0.09090252373855486,0.3439336467299819,-0.8364777565002441,-0.4939482510089874,-0.14648528397083282,-0.5497317259655266,0.05813494697213173,-0.35649603605270386,-0.19245322076756363,-0.3217889964580536,-0.2728760009204158,-0.4358651878866865,-0.040779978061365595,-0.38593968749046326,0.028786251321434975,0.2938830699122564,-0.09992448923948076,1.0649046092015118,0.2484861145828242,-0.27446553111076355,0.4541065990924835
-0.03431153710256108,-0.10026710709544177,-0.36844760179519653,-0.4335346817970276,-0.08804976940155029,-0.6255334844943382,-0.10650784522294998,-0.6830314993858337,-0.30901494331904494,-0.36011621356010437,-0.4779440742534741,-0.521982839230693,-0.3010312080879018,-0.6263003349304199,0.05503496900200844,-0.33066479843160396,-0.3562137890786859,-0.021343387491231467,-0.40470741441149605,-0.4742681384086609,-0.22154021263122559
-0.4641395730961218,-0.2858794495609518,-0.3256458044052124,-0.39802899956703186,-0.2888992428779602,-0.6129922099360662,-0.1881110817193985,-0.4753153622150421,-0.6394150603847694,-0.37615057826042175,-0.7392239693779541,-0.7341695121180485,-0.27049559046978233,-0.5898467302322388,0.23505081236362457,-0.4415438643732712,-0.7013753152141731,-0.19629052071780137,-0.869578888475531,-0.46013349294662476,0.5058131814002991
-0.5589222689648399,-1.087364579219601,-0.12297322601079941,-0.3441871702671051,-0.272979736328125,-0.5551950193423153,-0.2939177453517914,-0.3232020139694214,-0.755098767500429,-0.40215346217155457,-0.9544994546357455,-0.8640631518499721,-0.5244982646868753,-0.34004199504852295,0.24288597702980042,-0.5590926438928133,-0.5196256570043991,0.12301670343767418,-1.184278159517424,-0.47144049406051636,0.7230984568595886
0.15764558246701682,1.1074610912310436,0.20690849423408508,-0.4084669053554535,0.25599411129951477,-0.5102225327745157,0.4933537542819977,-0.07135678827762604,-0.17261278895957352,-0.4050530195236206,-0.17063499684898734,-0.3149379184699251,0.17385415778100652,-0.07130570709705353,-0.05500011146068573,0.5485403984709399,0.16201708069973578,0.5503838572487069,0.15384757056517054,-0.26555877923965454,-0.05714665725827217
-0.19294606884620683,0.3833583092953345,-0.10526684671640396,-0.48376110196113586,-0.3056504428386688,-0.5752111668522387,0.23605777323246002,-0.6719886660575867,-0.4598987082928473,-0.4938373565673828,-0.45145347554252546,-0.5813683830661568,-0.14322348166977172,-0.12280626595020294,-0.6466298699378967,-0.5792823118807127,0.04995642371797426,0.2675312773409501,-0.3542570521997074,-0.3355136811733246,-0.9771915078163147
0.6809715512645084,0.46882456830478075,0.1808197796344757,-0.2250700145959854,0.2638089060783386,-0.46151106845020895,-0.19362466037273407,-0.005684894509613514,0.012118425431709282,-0.15843534469604492,-0.11550401573338617,-0.149707864029873,-0.1659880075635822,-0.4745478630065918,0.465094655752182,1.21229189077137,0.09483929217020277,0.463899280255775,0.23503827545271191,-0.24888770282268524,0.7016239762306213
0.45088535726192647,0.4679394501599965,0.8780423402786255,-0.03636462613940239,-0.26848721504211426,-0.39740905705530877,-0.349118173122406,0.5173150897026062,-0.1570243072839943,-0.2736090123653412,-0.2852104753487012,-0.39284300167463215,0.27514138996558885,-0.247663214802742,0.49763935804367065,1.292419687750908,0.30109630353015343,0.6208995298986606,-0.533738811107482,-0.2878052890300751,0.8935850262641907
1.6026187827529934,0.6195640573615093,0.5354935526847839,-0.09968984127044678,0.8683496713638306,0.20215321919036328,0.12388049066066742,1.305429220199585,0.45662090254781534,0.19629722833633423,0.5653169576140918,0.31062705632954063,0.3808596285010456,0.8313484787940979,0.8621894121170044,1.505246178003675,0.8173672619320791,0.5213905278055421,0.9709301931031269,0.043787647038698196,1.2166435718536377
0.12029670049337354,-0.14744540759762026,-0.33774465322494507,-0.40730276703834534,-0.35782742500305176,-0.30701562224007445,-0.004317338578402996,-0.22180546820163727,0.1814595564103331,-0.4346877336502075,0.026149017600466902,0.005834058278131757,-0.3753317793620968,-0.09543163329362869,-0.16846460103988647,0.7586530964562378,0.22237771278214083,0.6458889710639819,0.30263631652098155,-0.10391688346862793,-0.5693079829216003
0.09462606785517656,0.4456538086354404,0.025734659284353256,-0.4047008156776428,-0.12383823841810226,-0.3398490712492841,0.257423460483551,0.16283844411373138,-0.24440557153922007,-0.3813818097114563,-0.34073344437252356,-0.1547915225093041,-0.3241856729711313,0.48756730556488037,-0.19748951494693756,0.2757167571477161,0.5548310249957614,0.7725279125531538,-0.19185725727947056,-0.11998254060745239,-0.3767969310283661
0.5893436154995401,-0.12182880744415613,1.474829912185669,-0.04986812546849251,-0.7459766864776611,-0.16105976933910576,-0.2573085427284241,0.6288115978240967,0.27572538198239055,-0.1940356194972992,-0.10635618445805636,-0.33732400342893637,-0.233911713143309,0.15632173418998718,0.1856803148984909,0.12513315857817708,0.6900540902342518,-1.1767765666457217,-0.021532384918089852,-0.22721926867961884,0.5605026483535767
1.6683251170372801,-1.5320027796959736,0.6865432858467102,0.02647566981613636,-0.49192506074905396,5.575447846493824e-05,-1.0287325382232666,0.4773121178150177,-0.04119471110220362,0.18284395337104797,-0.06173951339473968,0.14333395414602662,-1.098420868151026,-0.637070894241333,0.24376095831394196,-0.4394997398399934,0.2738594924298508,-1.546101872463511,0.0011672844699459853,-0.41969963908195496,-0.20098568499088287
-0.2881747733837579,-0.18905233610131814,0.564433217048645,-0.13599826395511627,-1.1619951725006104,-0.5924611043590732,-0.968925416469574,0.2838570773601532,-0.5412072576421437,-0.3894736170768738,-0.7819499114674575,-0.9184993225654832,-0.3475737524202112,-0.5405954718589783,0.11836659908294678,0.1555074328515482,-0.08692571497797173,-0.7306180487581401,-1.5877371087126713,-0.4402405917644501,-0.2580045759677887
-0.6736153178691573,-0.2906842495623585,0.4811241328716278,-0.19509974122047424,-1.0185476541519165,-0.6093796314663772,-0.6281003952026367,0.40101999044418335,-0.6630423226287708,-0.35831376910209656,-0.9974110784535541,-1.162482668287883,-0.3699250340653597,-0.434573769569397,0.4119933545589447,0.04524501446622027,-0.515722160087271,-0.620529645696961,-1.6501806604906508,-0.46884819865226746,0.3956209719181061
0.3644113038426042,0.9081221280429201,1.348770022392273,-0.1271040141582489,-0.5411560535430908,-0.36533584138884573,0.20758400857448578,0.9971864223480225,-0.06253435675958746,-0.344181090593338,-0.6139407172676536,-0.9792488952308999,0.4127985913209294,-0.06651950627565384,0.48723500967025757,0.15325504293866135,0.39306435527615047,-0.39392822611275397,-0.8502690676209471,-0.3410138487815857,1.063873291015625
0.22693196334670898,1.5177714718483815,0.5154271125793457,-0.29224738478660583,0.11232001334428787,-0.4465477173681913,0.4115183353424072,0.7671399712562561,-0.22070078479998617,-0.3678014874458313,-0.31172788631670056,-0.40046194805687996,0.2883700897505627,-0.015268164686858654,0.5571500658988953,0.5460569880596541,0.36942818348855816,0.3348950727497283,-0.3462907890189707,-0.32910609245300293,0.8712194561958313
0.5521439273390485,1.3354713036172838,0.3888320028781891,-0.3265995681285858,-0.008298578672111034,-0.4752584089509313,0.2650526762008667,0.9438333511352539,-0.2721978552987006,-0.3641549348831177,-0.4732835031360817,-0.6565602931706761,0.334586184811763,0.011341113597154617,0.49076229333877563,0.5797051986499168,0.6646355608388055,-0.1365114108058574,-0.4312038819750085,-0.36638006567955017,1.1613446474075317
-0.14954021103180526,0.7900868930626394,0.8456189036369324,-0.2891802191734314,-0.5289520025253296,-0.5213554269934956,0.11952639371156693,-0.11577072739601135,-0.6242865684508119,-0.5086521506309509,-0.6185582431326531,-0.8566290937082112,0.19042129248832104,-0.16595634818077087,0.08240564167499542,-0.05844885750839967,0.0747124880221538,-0.33738119315702125,-1.0708394224023177,-0.46453559398651123,0.4266320466995239
0.10745677353219264,-0.5921929595121361,-0.22504781186580658,-0.43413037061691284,-0.9428686499595642,-0.2437626804033619,-0.20979920029640198,-1.3130810260772705,0.24047367099417288,-0.529680073261261,0.0719913525594454,0.0731462136777392,-0.10375887425896879,-0.5335819125175476,-0.9553040266036987,0.259228975848389,-0.14562404938067253,-0.5824180399965839,0.20715545013926587,-0.10618099570274353,-2.0739176273345947
0.26089234355844826,0.5930311875695874,-0.13018478453159332,-0.3959989547729492,0.15921318531036377,-0.323343644066266,0.141037717461586,0.563530445098877,0.08622433694842338,-0.28532421588897705,-0.029410104087032516,0.32497516965188944,-0.2249828120437616,0.68987637758255,-0.15183132886886597,0.7756401719116581,0.929092078616818,0.2133023481018725,-0.012575954224845405,-0.14105552434921265,-0.4479251801967621
-0.03423977446607371,0.0596622852547535,-0.18212193250656128,-0.3760530948638916,0.6938765048980713,-0.4793050094750347,-0.01044322270900011,-0.33706724643707275,-0.10549375711133574,-0.37383291125297546,-0.34627966857132336,-0.0913385617728098,0.1134138433497847,-0.2397858053445816,0.5006555318832397,0.8705144052743868,-0.4969655266578566,0.23355143152910038,0.35592863700261945,-0.3280673921108246,1.2114416360855103
0.25156942899748136,0.42612537983959986,0.3796444833278656,-0.16844987869262695,-0.05701945722103119,-0.5318936128226937,-0.255667507648468,0.3421598970890045,-0.225729809343276,-0.21124118566513062,-0.3953298385376427,-0.4205477261823993,0.2955612687769827,-0.42999815940856934,0.4884427487850189,1.0582876001007295,0.14731019066368436,0.005099269259314195,-0.1456171697116268,-0.3522406220436096,0.8463966846466064
1.0674479247118005,-0.34929329758256933,1.6052464246749878,0.117920882999897,0.32495033740997314,-0.4325512621644289,-0.2764180898666382,0.7195344567298889,-0.03629443357646357,0.13495761156082153,-0.17357067870144455,0.044712124683965265,0.14710679597703516,-0.4520132541656494,0.7219833135604858,0.5012090696052948,0.19632524434412055,0.12552793867740963,-0.024254129165896973,-0.3618527054786682,1.2090165615081787
1.6413221360920982,-1.025097977456108,0.47813180088996887,-0.06821095943450928,0.35980188846588135,-0.0922198592901342,-0.5272219777107239,0.890312671661377,0.1032197172066608,0.16893398761749268,-0.10381881057545317,0.21966707774223387,-0.12021344589251871,-0.29808902740478516,0.3269764184951782,0.44190580204788515,0.3187504728247806,-0.4936141964017782,0.14607203214680867,-0.250173419713974,0.48388081789016724
1.0425354603273362,0.30687157494907163,0.6182859539985657,-0.1480700969696045,0.4704738259315491,-0.3832941468960009,-0.013817902654409409,0.013097157701849937,0.2163570873205828,0.007907613180577755,0.03877314517905466,0.048429903625447676,0.3769844453023082,-0.44258302450180054,0.40038928389549255,1.1026613427059109,0.13655876550370039,0.5410596600462628,0.8087171740473393,-0.2128334790468216,0.7493439316749573
0.7826197835619495,0.5228079803781956,0.8868628144264221,-0.21623092889785767,0.2119753062725067,-0.043391773548344774,-0.019936807453632355,0.5224992632865906,0.15237731858798484,-0.1027265191078186,0.09212002363637993,-0.11077527820819057,0.35384722975940214,0.29203373193740845,0.222568541765213,0.4477816181762044,0.5684020702142856,-0.18367550823094814,0.48709864817024645,-0.1949464976787567,0.4836330711841583
0.10780336328781116,0.7076098753815301,0.9320346713066101,-0.22169195115566254,0.282247394323349,-0.36737763246157273,0.31800439953804016,0.5765371322631836,-0.23610645493678967,-0.32375067472457886,-0.2689343805763437,-0.21253236353319566,-0.21691492425008665,0.2513643503189087,0.6880185008049011,0.5875028894396436,0.16528858952325615,0.38887778267553846,-0.34062547280865296,-0.340547114610672,1.2179889678955078
0.9912287472349015,0.5713833183665659,-0.2488468587398529,-0.3862271010875702,0.5159559845924377,-0.3361034543804855,-0.06752896308898926,1.3496344089508057,0.35714307846837084,-0.23219585418701172,-0.12189797599300078,0.24793766474169182,-0.528810529748366,0.7719660997390747,0.28319719433784485,1.3039245600767435,0.9033734711684228,-0.13415585259342694,0.23375194285552744,-0.26230165362358093,0.655503511428833
0.12892614711859787,0.31424346013344095,1.1109288930892944,-0.208232581615448,-0.2742469906806946,-0.5016893627693702,-0.032920461148023605,0.1888127326965332,-0.6228283870196741,-0.4083823263645172,-0.8375437607025042,-1.0635916817062754,-0.14986014758920668,0.05267145484685898,-0.035948894917964935,-0.021698983402498307,0.274144021443131,-1.0584005322999959,-1.1429125361365091,-0.5088419914245605,0.32436591386795044
0.20456211379871583,0.9097894758258619,0.19599439203739166,-0.42280763387680054,0.16299739480018616,-0.598559050025465,0.2787226140499115,0.019520295783877373,-0.33479487777900385,-0.43248823285102844,-0.4259875761294768,-0.6191138967167569,0.1837638837807417,0.03688567876815796,-0.02870124764740467,0.06993481225494536,0.4844975824188349,-0.3424063910155835,0.03176759588683215,-0.4057011902332306,0.028703147545456886
-0.2563813076828574,-1.1823050095914727,0.5085183382034302,-0.1855151206254959,-0.5696582198143005,-0.15426444976241066,-0.5687087178230286,-1.5611116886138916,0.26714048177658856,-0.5478031039237976,0.005295147133382109,-0.2027482588697949,0.8549033302424065,-0.5858484506607056,-0.6716874241828918,0.05948120645050668,-0.816839130591386,-1.0886507819232933,0.8134464018289217,-0.41667741537094116,-0.06493353843688965
0.2867790515513952,0.13658867400458477,0.7102352380752563,-0.21443480253219604,0.5753093957901001,-0.2719834480748103,0.016642620787024498,-0.3980186879634857,0.39338892176976514,-0.4198284149169922,0.03911345953751875,0.17502010180105637,0.7915313898404829,-0.23754076659679413,0.28567278385162354,1.2683141944911775,-0.09902615096758816,0.06066797702583341,1.0867737778840674,-0.23431800305843353,0.5146486759185791
2.225814251475048,-1.9823779256322254,-1.210770845413208,0.36531201004981995,-0.9477148652076721,0.1741060845583808,-0.31316083669662476,0.364473819732666,-0.295987164736687,-0.19673384726047516,0.4250671511125792,0.1959501220818447,-0.09141606309635333,-0.6217966675758362,-1.0967237949371338,-0.9922116655189727,-0.9975857939645081,-0.9902282310735794,1.0763780278818849,0.3027728796005249,-1.8295154571533203
1.3584821660318354,-0.8124412119420427,-1.6453500986099243,0.07212293893098831,-1.1953104734420776,1.4546295598120813,-0.4759243428707123,0.848292350769043,0.17562775674489464,0.5336398482322693,0.8288677116614168,1.07951008854951,-1.0743208195310314,1.1520943641662598,0.2530774176120758,-1.2324880648815089,1.4575586920342782,-0.7552269317421545,0.05373279800973299,0.5409502983093262,-0.31966447830200195
-1.884226414992872,-1.774565283544586,-2.358172655105591,-0.015656057745218277,-1.8048187494277954,3.3412337672802175,4.184067249298096,-2.205063581466675,-0.10735927584206172,0.5173899531364441,0.3159685452484988,0.34012353007449425,-2.1113053147341048,-0.3052845597267151,-2.952305555343628,-1.5900860142450783,1.4916761659981315,3.471037886899108,2.348882282117076,0.7070375084877014,-1.4535679817199707
-2.1227940511173666,-1.8275993747841206,-1.4742268323898315,-0.05702822655439377,-1.8144882917404175,2.482998259277898,5.954234600067139,-2.472221612930298,-0.3121215110711308,0.9271540641784668,0.6084633817620896,0.13544613100956573,-1.889688142041465,-0.23571541905403137,-3.2471201419830322,-2.51724975832257,2.4986680642758845,2.4328630580433064,2.7315462750973887,0.7096192240715027,-2.4616918563842773
-1.749468844240227,1.5355920863403463,-1.545021414756775,3.297268867492676,3.0845682621002197,2.760610826716056,0.8004966378211975,1.095421314239502,4.0336844623390675,4.0835466384887695,3.8588121108300504,3.3617448579805838,0.5576277295095454,5.095686435699463,3.9536499977111816,1.3303505571644638,3.9588412088807186,-0.6303546493421959,1.7541201957472685,3.544365882873535,2.487888813018799
-2.219505871777844,2.985941301871271,-2.627521514892578,2.8611974716186523,0.6455128788948059,2.9193732484688275,0.15374545753002167,3.1651742458343506,1.2189064184871505,1.628635287284851,3.1299444699555377,3.3014925814954066,-2.3530453727209295,2.6729464530944824,-2.3232979774475098,-3.176815731888874,-0.3959199917366817,-0.17441027411929622,0.9869732855467719,0.876117467880249,-3.270716428756714
-1.7209561638522584,0.20793757737499002,-1.799079179763794,4.399693965911865,3.9116930961608887,2.9360305923461465,0.6156662702560425,1.822211742401123,4.360947677290277,4.441585540771484,3.4915156769365048,3.776772036032295,-0.446405023658559,3.9153406620025635,2.56005859375,0.6355977713848675,1.425054732767969,-0.25504554460288487,2.221655237715183,4.717473030090332,1.1551471948623657
-2.326391352811868,-1.514307763886629,-3.109405755996704,3.224588394165039,3.505242347717285,1.0468329401733285,0.5128564834594727,-1.4510329961776733,3.696307193181429,3.9950881004333496,2.7808623304557982,3.308034937451811,-1.950203043841283,1.854833960533142,1.713655948638916,-0.20514878848916093,1.5766637890181787,-2.8855306005798838,1.1130420292261567,3.9857540130615234,-0.575558066368103
2.3490312076603868,-2.163619136966596,-0.7851516604423523,0.5253256559371948,-1.4027355909347534,0.35830317144075624,-0.31769034266471863,0.15127946436405182,-0.28340027234905374,-0.21663405001163483,0.5409069303829046,0.1813326346905777,0.37000097247505237,-0.7830458879470825,-1.2378324270248413,-0.9434580061031397,-0.8114104222223935,-1.1150515066637472,1.702110091813462,0.2929864227771759,-2.1685054302215576
1.339487087169821,-0.9051969838413669,-1.3362390995025635,0.10212168097496033,-1.4176263809204102,1.6099213450771157,-0.6253305673599243,0.9407528638839722,0.06658950885042833,0.4979086220264435,0.8824015555371809,1.019307365557045,-1.0429588896401183,0.16865353286266327,-0.159464031457901,-1.1600073925010763,1.519129982640245,-0.9344589612000366,-0.06660263093485082,0.5389547944068909,-1.128708839416504
-1.986158557799873,-1.8069750840082721,-2.100968360900879,0.07652881741523743,-2.4051506519317627,3.7918919983624404,3.6327145099639893,-2.5841457843780518,-0.1703392236657218,0.49571120738983154,0.48617063797072063,0.33260416472845517,-1.8119533761682107,-0.49903935194015503,-3.064283609390259,-1.4911211497975299,1.5969967481146894,3.7654987337338124,2.9529230975009892,0.7410196661949158,-1.8331289291381836
-2.0811552889296574,-1.78615432148707,-1.413719892501831,-0.03580524027347565,-2.2547786235809326,2.440039868306642,5.240897178649902,-2.6502387523651123,-0.3699584900080971,0.8685572147369385,0.8020818557305461,0.03910073906790891,-1.6388486173022196,-0.43141236901283264,-3.2816758155822754,-2.5590549142116634,2.534990148676571,2.3635924989722668,2.476243742812493,0.7254192233085632,-2.559514284133911
-1.7148601717679817,1.3864559976640616,-1.0415418148040771,3.122443437576294,2.4166159629821777,2.6750649182591637,0.473798930644989,0.5965015888214111,3.762603097097445,3.652064561843872,3.72212759823633,3.082161782361464,1.1136797248630492,3.2260682582855225,3.623072862625122,1.3704418262783329,3.6980361926653424,-0.7040286814704196,1.5339198193761934,3.533430576324463,1.6547290086746216
-2.206234012411438,2.7478791515061243,-2.344996929168701,3.3021740913391113,-0.3962218165397644,3.300898230764836,0.7149194478988647,3.07011342048645,1.186453826632753,1.2911927700042725,3.7094463957271455,2.48671586683897,-1.8988912358193242,2.9773995876312256,-2.3972079753875732,-3.3123975435925757,-0.14556672602179396,-0.14818150134801905,1.3555664747453502,0.48891550302505493,-4.035462379455566
-1.596197031730814,0.3083034590897173,-1.3319768905639648,4.658368110656738,3.7397594451904297,3.1014173407526204,0.5995489358901978,1.5991662740707397,4.2703975709456925,4.156200885772705,3.351416047380906,4.1964773671998525,-0.045006153478884994,4.26387882232666,2.21053147315979,0.6385510932315923,1.4967192658465307,-0.6378915627223792,2.513175389914279,4.737144947052002,0.06977875530719757
-2.3182927616248454,-1.554069650721439,-3.0892510414123535,3.520402193069458,2.1479461193084717,1.1811679696484074,-0.33035480976104736,-1.863876223564148,3.4325600076035654,3.4031946659088135,2.6211976248653954,2.8862611502159914,-2.010570385683231,1.6353031396865845,1.2196998596191406,-0.5994218211808054,1.4413079832904625,-3.193683447936574,1.406401142996598,3.799905776977539,-1.520301103591919
